PID;DayCareType;Daycare_Name;Mailing_City;Mailing_State;Mailing_Address;Mailing_Zip;Telephone;URL;Capacity (optional);Age Range (optional),,
1027661;;IMMANUEL LUTHERAN SCHOOL;Houston;TX;1440 Cortlandt Street, Houston, Texas 77008;77008;(713)861-8787;http://immanuelhouston.org/;277;0-13
1560455;Montessori;NORTH SHORE MONTESSORI SCHOOL;Stony Brook;NY;;;;;;,,
2873164;;HAND PRINTS CHILD CARE;Dallas;TX;;;;;;,,
4934257;;FAITH FELLOWSHIP ACADEMY;Melbourne;FL;;;;;;,,
4982723;Church/Synagogue;ST LUKE EARLY LEARNING CENTER;Columbus;GA;;;;;;,,
4994374;Church/Synagogue;EVERGREEN ACADEMY;Evergreen;CO;;;;;;,,
5025627;;IN HIS ARMS LUTHERAN ECC;Burlington;WI;;;;;;,,
448359;Independent Center;GUILD OF ST AGNES DAY CARE CTR;Worcester;MA;;;;;;,,
1444344;Montessori;MONTESSORI SCH-GRTR LAFAYETTE;W Lafayette;IN;;;;;;,,
1457171;Church/Synagogue;SELWYN CHILD DEV CENTER;Charlotte;NC;;;;;;,,
1783827;Independent Center;CUSHMAN SCOTT CHILDRENS CENTER;Amherst;MA;;;;;;,,
1784405;Montessori;KINGS WOOD MONTESSORI SCHOOL;Foxboro;MA;;;;;;,,
1789596;Montessori;HIGHLAND PARK MONTESSORI SCH;Saint Paul;MN;;;;;;,,
1791513;Independent Center;NURSERY RHYMES SCHOOL AND KIN;Saddle Brook;NJ;;;;;;,,
1799905;Church/Synagogue;FIRST BAPTIST KINDERGARTEN;Aiken;SC;;;;;;,,
1800700;Church/Synagogue;FBC MAULDIN CHRISTIAN ACADEMY;Mauldin;SC;;;;;;,,
1801118;Church/Synagogue;HEBRON DAY SCHOOL;West Columbia;SC;;;;;;,,
1868752;Independent Center;WEST END DAY NRSRY OF NEW BEDF;New Bedford;MA;;;;;;,,
1869794;Independent Center;AUBURNDALE CMTY NURSERY SCHOOL;Auburndale;MA;;;;;;,,
2072138;Church/Synagogue;ST AIDANS EPISCOPAL DAY SCHOOL;Alexandria;VA;;;;;;,,
2072554;Independent Center;OVERLEE PRE-SCHOOL;Arlington;VA;;;;;;,,
2076184;Church/Synagogue;WESTMINSTER WEEKDAY SCHOOL;Greenville;SC;;;;;;,,
2083175;Independent Center;LA PUERTA DE LOS NINOS;Albuquerque;NM;;;;;;,,
2155431;Church/Synagogue;SOUTH AIKEN PRESBYTERIAN KDGN;Aiken;SC;;;;;;,,
2206200;College/University Based;MILL'S COLLEGE CHILDREN'S SCH;Oakland;CA;;;;;;,,
2214374;Montessori;MONTESSORI SCHOOL OF OAKTON;Fairfax;VA;;;;;;,,
2242084;Church/Synagogue;SOUTH HIGHLAND CHILD DEV CTR;Birmingham;AL;;;;;;,,
2243313;College/University Based;UNIVERSITY PRE-SCH LRNG CENTER;Huntsville;AL;;;;;;,,
2243882;Independent Center;KIDS STUFF PRE-SCHOOL;Mobile;AL;;;;;;,,
2248961;Church/Synagogue;AHWATUKEE PRE-SCHOOL;Phoenix;AZ;;;;;;,,
2250172;Church/Synagogue;JOY CMTY PRE-SCHOOL;Glendale;AZ;;;;;;,,
2251803;Church/Synagogue;PRINCE OF PEACE PRE-SCHOOL;Phoenix;AZ;;;;;;,,
2251839;Montessori;RAINBOW MONTESSORI SCHOOL #1;Scottsdale;AZ;;;;;;,,
2252388;Church/Synagogue;TIME FOR TOTS;Chandler;AZ;;;;;;,,
2252780;Church/Synagogue;WEEK DAY SCHOOL-FUMC;Phoenix;AZ;;;;;;,,
2254532;Church/Synagogue;TANQUE VERDE LUTH CRCH PRE-SCH;Tucson;AZ;;;;;;,,
2255122;YMCA/YWCA;PRESCOTT YMCA OF YAVAPAI CTY;Prescott;AZ;;;;;;,,
2262199;Church/Synagogue;FIRST UNITED METHODIST CDC;Little Rock;AR;;;;;;,,
2267515;Independent Center;STORY LAND PRE-SCHOOL;Livermore;CA;;;;;;,,
2274441;Independent Center;VALLE VERDE CHILDREN'S CENTER;Walnut Creek;CA;;;;;;,,
2275433;Independent Center;KIDDIE KASTLE DAY CARE CTR;Fresno;CA;;;;;;,,
2275445;Independent Center;KIDDIE KOLLEGE DAY CARE CTR;Fresno;CA;;;;;;,,
2280971;Church/Synagogue;CLAREMONT BAPT NURSERY SCHOOL;Claremont;CA;;;;;;,,
2282395;Church/Synagogue;ENCINO PRESBYTERIAN CHILD CTR;Encino;CA;;;;;;,,
2285050;;LONG BEACH DAY NURSERY-EAST;Long Beach;CA;;;;;;,,
2285828;Church/Synagogue;BRENTWOOD CHURCH NURSERY SCH;Los Angeles;CA;;;;;;,,
2287709;Independent Center;SPIRIT CHILD DEV CTR;Los Angeles;CA;;;;;;,,
2289109;Church/Synagogue;ADAT ARI EL NURSERY SCHOOL;Valley VLG;CA;;;;;;,,
2290445;Montessori;PASADENA MONTESSORI SCHOOL;Pasadena;CA;;;;;;,,
2290653;College/University Based;CAL POLY POMONA CCC;Pomona;CA;;;;;;,,
2292936;Independent Center;PLAY FACTORY;Temple City;CA;;;;;;,,
2303731;Independent Center;TURTLE ROCK PRE-SCHOOL;Irvine;CA;;;;;;,,
2305832;Church/Synagogue;LITTLE FRIENDS PRE-SCHOOL;Yorba Linda;CA;;;;;;,,
2307153;Independent Center;VIP TOTS;Hemet;CA;;;;;;,,
2310277;Church/Synagogue;TRINITY TOTS;Sacramento;CA;;;;;;,,
2310679;Church/Synagogue;ALTALOMA CHRISTIAN SCHOOL;Alta Loma;CA;;;;;;,,
2313293;Church/Synagogue;CHULA VISTA PRESBY PRE-SCHOOL;Chula Vista;CA;;;;;;,,
2315526;Independent Center;CARMEL MOUNTAIN PRE-SCHOOL;San Diego;CA;;;;;;,,
2316726;Church/Synagogue;BILL & SID RUBIN PRE-SCH;San Diego;CA;;;;;;,,
2316879;Church/Synagogue;ST MARK'S WEEKDAY NURSERY SCH;San Diego;CA;;;;;;,,
2318633;Church/Synagogue;LAKESIDE PRESBY CHLDRN CTR;San Francisco;CA;;;;;;,,
2322036;Church/Synagogue;KIRK HOUSE PRE-SCHOOL;Menlo Park;CA;;;;;;,,
2323339;Church/Synagogue;GOLETA VALLEY NURSERY SCHOOL;Goleta;CA;;;;;;,,
2324852;Independent Center;VINEYARD PRE-SCHOOL;Gilroy;CA;;;;;;,,
2327361;Independent Center;WILLOW GLEN CMTY EXT DAY PROG;San Jose;CA;;;;;;,,
2327842;Independent Center;CARING HEARTS;Sunnyvale;CA;;;;;;,,
2327969;Church/Synagogue;PRESBYTERIAN EARLY LRNNG CTR;Sunnyvale;CA;;;;;;,,
2334443;Church/Synagogue;TEMPLE ADAT ELOHIM PRE-SCHOOL;Thousand Oaks;CA;;;;;;,,
2336087;Church/Synagogue;HOLY TRINITY PRE-SCHOOL;Littleton;CO;;;;;;,,
2337251;Church/Synagogue;SACRED HEART OF JESUS EARLY PS;Boulder;CO;;;;;;,,
2338384;Church/Synagogue;MONTVIEW CMTY PRE-SCH & KDGN;Denver;CO;;;;;;,,
2338748;Church/Synagogue;TEMPLE EMANUEL PRE-SCH & KDGN;Denver;CO;;;;;;,,
2338853;Church/Synagogue;TREASURELAND PRE-SCHOOL;Denver;CO;;;;;;,,
2339003;Independent Center;JOYFUL MISSION PRE-SCHOOL;Parker;CO;;;;;;,,
2340026;Church/Synagogue;ROCK OF AGES LUTH DAY CARE CTR;Colorado Spgs;CO;;;;;;,,
2344515;Church/Synagogue;ST PAUL'S NURSERY SCHOOL;Fairfield;CT;;;;;;,,
2344888;Independent Center;PLAYLAND NURSERY SCHOOL;New Canaan;CT;;;;;;,,
2348688;Independent Center;SCHOOL FOR YOUNG CHILDREN;West Hartford;CT;;;;;;,,
2348755;Independent Center;WHITING LANE EXT DAY CARE;West Hartford;CT;;;;;;,,
2350071;Independent Center;BRANFORD EARLY LEARNING CENTER;Branford;CT;;;;;;,,
2357380;Church/Synagogue;ST TIMOTHYS NURSERY SCHOOL CDC;Washington;DC;;;;;;,,
2359637;Church/Synagogue;FIRST BAPTIST PRE-SCH LRNG CTR;Pompano Beach;FL;;;;;;,,
2359807;Church/Synagogue;HAPPYLAND DAY SCHOOL;Ft Lauderdale;FL;;;;;;,,
2363767;Church/Synagogue;1ST UNITED METHODIST CHRN SCH;Homestead;FL;;;;;;,,
2371221;Independent Center;HAPPY ACRES RANCH;Jacksonville;FL;;;;;;,,
2371453;Independent Center;MICHELE BLOCK YELADIN PRE-SCH;Jacksonville;FL;;;;;;,,
2375588;Independent Center;ALPHABET LEARNING CENTER;Tampa;FL;;;;;;,,
2377421;Church/Synagogue;PALMA CEIA UNITED METH DAY SCH;Tampa;FL;;;;;;,,
2381824;Church/Synagogue;WEE WORLD CHILD DEV CTR;Palmetto;FL;;;;;;,,
2382799;Independent Center;GERTRUDE WALDEN CHILD CARE CTR;Stuart;FL;;;;;;,,
2385777;College/University Based;U C F CREATIVE SCH FOR CHILD;Orlando;FL;;;;;;,,
2392940;Independent Center;GINGERBREAD SCHOOL AZALEA;St Petersburg;FL;;;;;;,,
2398786;Independent Center;GINGERBREAD SCHOOL-BARDMOOR;Seminole;FL;;;;;;,,
2398968;Church/Synagogue;TRINITY PRESBYTERIAN PRE-SCH;Clearwater;FL;;;;;;,,
2400377;Church/Synagogue;FIRST UNITED METHODIST PRE-SCH;Lake Wales;FL;;;;;;,,
2406280;Independent Center;SKYLINE CHRISTIAN ACADEMY;Ellenwood;GA;;;;;;,,
2413506;Independent Center;JOYLAND EARLY LEARNING CENTER;Gainesville;GA;;;;;;,,
2418154;Church/Synagogue;ST CLEMENTS SCHOOL;Honolulu;HI;;;;;;,,
2419392;Church/Synagogue;KAHULUI BAPTIST PRE-SCHOOL;Kahului;HI;;;;;;,,
2423446;Independent Center;ZEARING CHILD ENRICHMENT CTR;Princeton;IL;;;;;;,,
2424828;Independent Center;ST DAVID'S NURSERY SCHOOL;Glenview;IL;;;;;;,,
2424830;Independent Center;WESLEY CHILD CARE CENTER;Glenview;IL;;;;;;,,
2427959;College/University Based;MORAINE VALLEY CMTY CLGE CCC;Palos Hills;IL;;;;;;,,
2428654;Independent Center;GADS HILL CENTER AFTER SCHOOL;Chicago;IL;;;;;;,,
2429103;Independent Center;LINCOLN PARK CO-OP NURSERY SCH;Chicago;IL;;;;;;,,
2430487;Independent Center;ALBANY PARK CMTY DAY CARE CTR;Chicago;IL;;;;;;,,
2431675;Independent Center;BEVERLY CASTLE ACADEMY;Chicago;IL;;;;;;,,
2433764;Church/Synagogue;TODDLERS CAMPUS;Wheaton;IL;;;;;;,,
2433843;Church/Synagogue;CMTY PRESBY CHLDRN'S PROGRAM;Clarendon Hls;IL;;;;;;,,
2434172;Independent Center;LEARNING IS FUN NURSERY SCHOOL;Naperville;IL;;;;;;,,
2435009;Independent Center;GENESEO DEV & GROWTH;Geneseo;IL;;;;;;,,
2435243;Independent Center;RAINBOWS END;Carbondale;IL;;;;;;,,
2436405;Church/Synagogue;MORIAH PRE-SCHOOL DAY CARE CTR;Deerfield;IL;;;;;;,,
2436558;Church/Synagogue;PAUL & SYLVIA STEINBERG PS;Highland Park;IL;;;;;;,,
2437019;Independent Center;BUSY BEES CHILDRENS CENTER;Waukegan;IL;;;;;;,,
2437605;Independent Center;FRIENDSHIP HOUSE DAY CARE;Crystal Lake;IL;;;;;;,,
2440262;Other Chains;ROGY'S LRNG PLACE;Peoria HTS;IL;;;;;;,,
2444191;Church/Synagogue;GRACE LUTH PRE-SCH & NURSERY;Loves Park;IL;;;;;;,,
2447088;Church/Synagogue;JEWISH CMTY EARLY CHLDHD CTR;Indianapolis;IN;;;;;;,,
2448070;College/University Based;IN UNIV CAMPUS CHILDREN'S CTR;Bloomington;IN;;;;;;,,
2448408;College/University Based;EARLY CHILDHOOD DEV CENTER;Notre Dame;IN;;;;;;,,
2451924;YMCA/YWCA;DUBUQUE YWCA PRE-SCHOOL;Dubuque;IA;;;;;;,,
2460822;College/University Based;HILLTOP CHILD DEV CTR;Lawrence;KS;;;;;;,,
2462387;Montessori;HIGHLAWN MONTESSORI SCHOOL;Prairie VLG;KS;;;;;;,,
2474536;College/University Based;ALICE LLOYD COLLEGE DAYCARE;Pippa Passes;KY;;;;;;,,
2475322;YMCA/YWCA;TELFORD COMMUNITY CENTER YMCA;Richmond;KY;;;;;;,,
2490176;Church/Synagogue;FIRST ASSEMBLY CHRN ACAD & PS;Leesville;LA;;;;;;,,
2491962;Church/Synagogue;MONSGNR SLADE EDUC CTR;Glen Burnie;MD;;;;;;,,
2494859;Church/Synagogue;GOOD SHEPHERD EDUCATION CENTER;Waldorf;MD;;;;;;,,
2495281;YMCA/YWCA;YMCA CHILD CARE CENTER;Hagerstown;MD;;;;;;,,
2495633;Other Chains;CLEMENS CROSSING ELEM SAS;Columbia;MD;;;;;;,,
2496871;Church/Synagogue;GENEVA DAY SCHOOL;Potomac;MD;;;;;;,,
2499457;Church/Synagogue;WEST PARISH FAMILY SCHOOL;W Barnstable;MA;;;;;;,,
2501000;Independent Center;TEMPLE EMANUEL NURSERY SCHOOL;Andover;MA;;;;;;,,
2501048;Independent Center;BEVERLY CHLD LRNG CTR PRE-SCH;Beverly;MA;;;;;;,,
2501098;Montessori;HARBORLIGHT MONTESSORI SCH;Beverly;MA;;;;;;,,
2503618;Independent Center;ARLINGTON HEIGHTS NURSERY;Arlington;MA;;;;;;,,
2503761;Independent Center;ABC NURSERY SCHOOL;Chelmsford;MA;;;;;;,,
2504325;Employer (Corporate) Sponsored;LEMBERG CHILDREN'S CENTER;Waltham;MA;;;;;;,,
2506141;Independent Center;MELROSE DCC AND PRE-SCH;Melrose;MA;;;;;;,,
2507743;Independent Center;DEDHAM CMNTY HOUSE PRE SCH;Dedham;MA;;;;;;,,
2509789;Independent Center;COMMONWEALTH CHILDRENS CTR;Boston;MA;;;;;;,,
2512566;;JEWISH CMTY PRE-SCHOOL;Worcester;MA;;;;;;,,
2515556;Church/Synagogue;CREATIVE LEARNING CENTER;Davison;MI;;;;;;,,
2516615;Church/Synagogue;COMMUNITY CHILDRENS CENTER;Traverse City;MI;;;;;;,,
2517231;College/University Based;CHILD DEVELOPMENT LAB;East Lansing;MI;;;;;;,,
2519136;Church/Synagogue;PATHFINDER CHURCH CHILD CARE;Portage;MI;;;;;;,,
2520082;Church/Synagogue;ST THOMAS PRE-SCHOOL PROGRAM;Grand Rapids;MI;;;;;;,,
2520214;Church/Synagogue;WESTMINSTER CHILD DEV CENTER;Grand Rapids;MI;;;;;;,,
2524961;Church/Synagogue;TEMPLE BETH EL NURSERY SCHOOL;Bloomfld TWP;MI;;;;;;,,
2537982;Church/Synagogue;TRINITY PRE SCHOOL;Moorhead;MN;;;;;;,,
2538546;Independent Center;TINY TOTS AND LITTLE TYKES;W Saint Paul;MN;;;;;;,,
2539124;College/University Based;COMO COMMUNITY CHILD CARE CTR;Minneapolis;MN;;;;;;,,
2539928;Independent Center;NE CHILD DEVELOPMENT CENTER;Minneapolis;MN;;;;;;,,
2541000;Church/Synagogue;MOUNT CALVARY PRE-SCHOOL;Excelsior;MN;;;;;;,,
2541426;Church/Synagogue;ST JOHN CHILD CARE CENTER;Minneapolis;MN;;;;;;,,
2543448;Church/Synagogue;ST PAUL'S CHILDHOOD CENTER;Saint Paul;MN;;;;;;,,
2568539;Independent Center;ELAINE ROSI ACADEMY;Saint Louis;MO;;;;;;,,
2573742;College/University Based;JAMES R RUSSELL CHLD DEV CTR;Omaha;NE;;;;;;,,
2574241;Church/Synagogue;ST LUKE'S CHILD DEV CENTER;Omaha;NE;;;;;;,,
2575879;Church/Synagogue;HILL & DALE CHILD DEV CENTER;Las Vegas;NV;;;;;;,,
2576146;Independent Center;BABY LAND INFANT CTR PRE-SCH;Las Vegas;NV;;;;;;,,
2580501;Church/Synagogue;ST JOHN'S CHILDREN'S CENTER;Reno;NV;;;;;;,,
2580903;Independent Center;INTERLAKES DAY CARE & NRSY SCH;Meredith;NH;;;;;;,,
2581751;Independent Center;FRANCONIA CHILDRENS CENTER;Franconia;NH;;;;;;,,
2581763;Independent Center;HAMPSHIRE CO-OP NURSERY SCHOOL;Hanover;NH;;;;;;,,
2583357;Independent Center;WHITE BIRCH CMTY CCC;Henniker;NH;;;;;;,,
2584662;Independent Center;GREAT BAY KIDS COMPANY;Newmarket;NH;;;;;;,,
2589894;Church/Synagogue;OPEN DOOR NURSERY SCHOOL;Millburn;NJ;;;;;;,,
2591172;Church/Synagogue;TEMPLE BNAI JESHURUN EARLY CCC;Short Hills;NJ;;;;;;,,
2591201;Church/Synagogue;BETH EL NURSERY SCHOOL;South Orange;NJ;;;;;;,,
2591330;Independent Center;VLY SETTLEMENT HOUSE DAY CARE;West Orange;NJ;;;;;;,,
2592413;Church/Synagogue;ST PAUL CHRISTIAN SCHOOL;Flemington;NJ;;;;;;,,
2594083;YMCA/YWCA;GYM JAMS YMCA NURSERY SCHOOL;Scotch Plains;NJ;;;;;;,,
2596457;Church/Synagogue;JIN A CHILD CARE CENTER;Clifton;NJ;;;;;;,,
2602329;Independent Center;CHILDREN'S PLACE AT THE PLAZA;Albany;NY;;;;;;,,
2608323;YMCA/YWCA;KINGS BAY YM-YWHA CHILDCARE;Brooklyn;NY;;;;;;,,
2610091;Independent Center;BROCKPORT CHILD DEV CTR;Brockport;NY;;;;;;,,
2610302;Independent Center;FRIENDSHIP CHILDRENS CENTER;Rochester;NY;;;;;;,,
2610479;Church/Synagogue;JCC OF GREATER ROCHESTER CCC;Rochester;NY;;;;;;,,
2611899;Independent Center;HARBOR CHILD CARE;New Hyde Park;NY;;;;;;,,
2612283;Independent Center;ALL SOULS SCHOOL;New York;NY;;;;;;,,
2612491;Family Day Residences;BROWNSTONE SCHOOL & DCC;New York;NY;;;;;;,,
2614645;College/University Based;ROCKERFELLER UNIV CHILD CTR;New York;NY;;;;;;,,
2614748;Independent Center;ST IGNATIUS DAY NURSERY;New York;NY;;;;;;,,
2615869;Church/Synagogue;JCC EARLY CHILDHOOD DEV PGRM;De Witt;NY;;;;;;,,
2616320;Independent Center;HEATHER'S CHILD'S PLACE LTD;Montgomery;NY;;;;;;,,
2617245;Independent Center;QUEENS COMMUNITY HOUSE;Forest Hills;NY;;;;;;,,
2618885;Independent Center;SOUTHSHORE TODDLER ACAD PK;Staten Island;NY;;;;;;,,
2620125;Independent Center;EAST HAMPTON DAY CARE CTR;East Hampton;NY;;;;;;,,
2620333;Independent Center;JUST KIDS LEARNING CENTER;Middle Island;NY;;;;;;,,
2621222;Independent Center;CREATIVE ENVIRONMENT DAY CARE;MacEdon;NY;;;;;;,,
2621337;Independent Center;ARDSLEY CHILDREN'S CENTER;Ardsley;NY;;;;;;,,
2621698;Independent Center;OSSINING CHILDREN'S CTR;Ossining;NY;;;;;;,,
2621715;Independent Center;PELHAM CHILDREN'S CENTER;Pelham;NY;;;;;;,,
2628048;Church/Synagogue;FIRST PRESBYTERIAN DAY CARE;Durham;NC;;;;;;,,
2628581;Church/Synagogue;YATE'S BAPT CHILD DEV CTR;Durham;NC;;;;;;,,
2642915;Independent Center;METHOD DAY CHILD CARE CTR;Raleigh;NC;;;;;;,,
2643218;Church/Synagogue;TEMPLE BETH OR PRE SCHOOL;Raleigh;NC;;;;;;,,
2647783;Independent Center;CAROL NURSERY SCHOOL;Woodmere;OH;;;;;;,,
2652013;Church/Synagogue;NORTHWEST CHRISTIAN CHILDC;Columbus;OH;;;;;;,,
2652506;College/University Based;OHIO STATE UNIV CHILD CARE;Columbus;OH;;;;;;,,
2653768;Independent Center;BLUE ASH CHILD CARE CTR;Cincinnati;OH;;;;;;,,
2655077;Church/Synagogue;SHILOH PRE-SCHOOL LEARNING CTR;Cincinnati;OH;;;;;;,,
2656485;Church/Synagogue;PAINESVILLE CHRN ACADEMY;Painesville;OH;;;;;;,,
2657324;Independent Center;OBERLIN EARLY CHILDHOOD CENTER;Oberlin;OH;;;;;;,,
2658055;Montessori;WESTSIDE MONTESSORI CENTER;Perrysburg;OH;;;;;;,,
2661507;College/University Based;BOMBECK FAMILY LEARNING CENTER;Dayton;OH;;;;;;,,
2664016;Church/Synagogue;FIRST CONG CHURCH CHILD CENTER;Hudson;OH;;;;;;,,
2667812;Other Chains;COMMUNITY AFTER SCHOOL-WILSON;Norman;OK;;;;;;,,
2672879;Church/Synagogue;ST LUKES CHILDREN'S CENTER;Oklahoma City;OK;;;;;;,,
2675780;YMCA/YWCA;HUTCHENSEN YMCA CHILD DEV CTR;Tulsa;OK;;;;;;,,
2678598;Independent Center;CRESWELL CHRISTIAN CHILD CARE;Creswell;OR;;;;;;,,
2679308;Church/Synagogue;COURT ST CHRISTIAN CHILD CARE;Salem;OR;;;;;;,,
2679815;Church/Synagogue;CONG NEV SHALOM FOUND SCHOOL;Portland;OR;;;;;;,,
2679982;Independent Center;HAPPY DAY CHRISTIAN CHILD CARE;Portland;OR;;;;;;,,
2680656;Montessori;WEST HILLS MONTESSORI SCH;Portland;OR;;;;;;,,
2681674;Independent Center;CARRIAGE HOUSE CHILDREN'S CTR;Pittsburgh;PA;;;;;;,,
2682563;Church/Synagogue;NORTHMONT CDC & PRE-SCHOOL;Pittsburgh;PA;;;;;;,,
2683127;Independent Center;WEE CARE CHILDREN'S CENTER;Heidelberg;PA;;;;;;,,
2685450;Church/Synagogue;RICHLAND LEARNING CENTER;Johnstown;PA;;;;;;,,
2686131;Independent Center;WEST CHESTER AREA DAY CARE CTR;West Chester;PA;;;;;;,,
2692738;Independent Center;CORA SERVICES-EARLY YEARS;Philadelphia;PA;;;;;;,,
2697166;Independent Center;MARTIN L KING DCC;Newport;RI;;;;;;,,
2697489;Independent Center;EAST SIDE ELC;Providence;RI;;;;;;,,
2700256;Church/Synagogue;BELIN CREATIVE LEARNING CENTER;Murrells Inlt;SC;;;;;;,,
2703935;Church/Synagogue;MIDLANDS CMTY DEVELOPMENT CORP;Columbia;SC;;;;;;,,
2708404;Church/Synagogue;CRIEVE HALL CH OF CHRIST KDGN;Nashville;TN;;;;;;,,
2709264;Church/Synagogue;HARPETH HEIGHTS PRE-SCHOOL;Nashville;TN;;;;;;,,
2710885;Church/Synagogue;WEST END UNITED METH PRE-SCH;Nashville;TN;;;;;;,,
2711712;Independent Center;SEWANEE CHILDREN'S CENTER;Sewanee;TN;;;;;;,,
2712821;Church/Synagogue;GOOD SHEPHERD SCHOOL;Lookout Mtn;TN;;;;;;,,
2714154;Church/Synagogue;CHURCH OF CHRIST PRE-SCHOOL;Centerville;TN;;;;;;,,
2714544;Independent Center;CEDAR BLUFF PLAYSCHOOL I;Knoxville;TN;;;;;;,,
2719843;Church/Synagogue;FARMINGTON PRESBYTERIAN KDGN;Germantown;TN;;;;;;,,
2721054;Independent Center;ROULHAC'S PRE-SCH & CHILD CR;Memphis;TN;;;;;;,,
2722280;Church/Synagogue;FIRST PRESBYTERIAN PRE-SCHOOL;Gallatin;TN;;;;;;,,
2722345;Church/Synagogue;HENDERSONVILLE BIBLE KDGN;Hendersonvlle;TN;;;;;;,,
2723416;Church/Synagogue;BERRYS CHAPEL PRE-SCHOOL;Franklin;TN;;;;;;,,
2723428;Church/Synagogue;BRENTWOOD YOUNG CHILDRENS SCH;Brentwood;TN;;;;;;,,
2725842;Church/Synagogue;JEWISH COMMUNITY CENTER DCC;San Antonio;TX;;;;;;,,
2726729;Church/Synagogue;ST DAVID'S EPISCOPAL SCHOOL;San Antonio;TX;;;;;;,,
2726810;Church/Synagogue;ALAMO HGTS PRESBY CH DAY SCH;San Antonio;TX;;;;;;,,
2730251;Church/Synagogue;FIRST PRESBYTERIAN CHILD CARE;Bryan;TX;;;;;;,,
2733174;Church/Synagogue;GRACE PRESBYTERIAN LEARNING;Plano;TX;;;;;;,,
2733966;Church/Synagogue;FIRST PROTESTANT SCHOOL;New Braunfels;TX;;;;;;,,
2740385;Church/Synagogue;WESLEYAN ACADEMY;Irving;TX;;;;;;,,
2740529;Church/Synagogue;FIRST KIDS;Richardson;TX;;;;;;,,
2741585;Independent Center;DENTON CITY COUNTY DAY SCHOOL;Denton;TX;;;;;;,,
2743272;Church/Synagogue;TRINITY FIRST MOTHER'S DAY OUT;El Paso;TX;;;;;;,,
2747890;Church/Synagogue;FIRST BAPTIST WEE LEARN CENTER;Longview;TX;;;;;;,,
2749240;Church/Synagogue;CHAPELWOOD PRE-SCHOOL;Houston;TX;;;;;;,,
2749329;Church/Synagogue;ST LUKE'S DAY SCHOOL;Houston;TX;;;;;;,,
2749836;Church/Synagogue;LAMB SCHOOL;Houston;TX;;;;;;,,
2750213;Church/Synagogue;WESTBURY UNITED METH DAY CARE;Houston;TX;;;;;;,,
2753306;Church/Synagogue;ST JEROME EARLY CHILDHOOD CTR;Houston;TX;;;;;;,,
2756097;Independent Center;JB ADAMS SCHOOL;Houston;TX;;;;;;,,
2758071;Montessori;CLEAR LAKE MONTESSORI SCH;Houston;TX;;;;;;,,
2759245;Church/Synagogue;WEE WUNS WEEK DAY MINISTRIES;Cypress;TX;;;;;;,,
2759879;College/University Based;TEXAS STATE UNIVERSITY CDC;San Marcos;TX;;;;;;,,
2762280;Church/Synagogue;ST PAULS EPISCOPAL SCHOOL;Greenville;TX;;;;;;,,
2762371;College/University Based;TEXAS A&M CHILDREN'S LRNG CTR;Commerce;TX;;;;;;,,
2764666;Church/Synagogue;ST PETER'S EPISCOPAL SCHOOL;Kerrville;TX;;;;;;,,
2766846;Church/Synagogue;COLUMBUS AVE BAPTIST CHURCH DC;Waco;TX;;;;;;,,
2768064;Church/Synagogue;FIRST BAPTIST CHILD CENTER;Midland;TX;;;;;;,,
2768337;Church/Synagogue;ST LUKES CHILD DEV PROGRAM;Midland;TX;;;;;;,,
2771891;;MARY MILES NURSERY;Amarillo;TX;;;;;;,,
2772041;Independent Center;WATLEY LEARNING CENTER;Amarillo;TX;;;;;;,,
2772352;Church/Synagogue;CHRISTIAN LEARNING CENTER;Canyon;TX;;;;;;,,
2774922;Church/Synagogue;LIGHTHOUSE CHRISTIAN ACADEMY;Fort Worth;TX;;;;;;,,
2775914;Church/Synagogue;FIRST UNITED METHODIST DAY SCH;Hurst;TX;;;;;;,,
2779001;Church/Synagogue;GRACE TEMPLE CHILD DEV CENTER;San Angelo;TX;;;;;;,,
2784472;Church/Synagogue;SCHOOL FOR LITTLE PEOPLE;Wichita Falls;TX;;;;;;,,
2785311;Church/Synagogue;HOPE PRESBY CHILDREN'S CENTER;Austin;TX;;;;;;,,
2787773;Independent Center;MIDDLEBURY CO-OP NURSERY SCH;Middlebury;VT;;;;;;,,
2792481;Church/Synagogue;SEVEN CORNERS CHILDRENS CTR;Falls Church;VA;;;;;;,,
2792780;;WINCHESTER DAY NURSERY;Winchester;VA;;;;;;,,
2793679;Other Chains;MINNIELAND ACADEMY-OCCOQUAN;Woodbridge;VA;;;;;;,,
2798382;Independent Center;NEWPORT CHILDREN'S SCHOOL;Bellevue;WA;;;;;;,,
2798899;Independent Center;COUNTRY VILLAGE DAY SCHOOL;Mercer Island;WA;;;;;;,,
2804228;YMCA/YWCA;YMCA DAY CARE CENTER;Huntington;WV;;;;;;,,
2806824;Independent Center;CAMPUS FOR KIDS;Madison;WI;;;;;;,,
2807971;Independent Center;PRESCHOOL OF THE ARTS;Madison;WI;;;;;;,,
2809321;College/University Based;UW-EAU CLAIRE CHILDREN'S CTR;Eau Claire;WI;;;;;;,,
2831659;Independent Center;KIDS & CRIBS DAY CARE;Fort Thomas;KY;;;;;;,,
2833530;Church/Synagogue;ADATH JESHURUM PRE-SCHOOL;Louisville;KY;;;;;;,,
2848066;Church/Synagogue;HOPE CHRISTIAN SCHOOL;Freehold;NJ;;;;;;,,
2848092;Church/Synagogue;EPIPHANEY WEEKDAY SCHOOL;Alexandria;VA;;;;;;,,
2851439;Church/Synagogue;CHRIST MEMORIAL CHILD CARE CTR;Saint Louis;MO;;;;;;,,
2852079;Montessori;FAIRBANKS MONTESSORI SCHOOL;Fairbanks;AK;;;;;;,,
2852160;Church/Synagogue;CHRIST LUTHERAN PRE-SCHOOL;Lincoln;NE;;;;;;,,
2852938;Church/Synagogue;HOPE CHRISTIAN PRE-SCHOOL;Rochester;NY;;;;;;,,
2854699;Montessori;MONTESSORI SCHOOL-WOOSTER;Wooster;OH;;;;;;,,
2863951;Church/Synagogue;HEARTS & MINDS EC PROGRAM;Omaha;NE;;;;;;,,
2867983;Church/Synagogue;CRESTWOOD CHRISTIAN CHLD CARE;Lexington;KY;;;;;;,,
2868298;Independent Center;EDUCATIONAL PLAYCARE-MANCHESTE;Manchester;CT;;;;;;,,
2868808;YMCA/YWCA;YMCA PRE-SCH & SACC-MILFORD;Milford;CT;;;;;;,,
2871362;Employer (Corporate) Sponsored;WOODBRIDGE CHILD CENTER;Woodbridge;CT;;;;;;,,
2872213;Independent Center;PB&J PRE-SCHOOL;Albuquerque;NM;;;;;;,,
2872380;Independent Center;GARCIA STREET CLUB;Santa Fe;NM;;;;;;,,
2874821;Montessori;UNITARIAN MONTESSORI SCHOOL;E Brunswick;NJ;;;;;;,,
2875526;Independent Center;SUMMER HILL SCHOOL;Wall Township;NJ;;;;;;,,
2876506;Church/Synagogue;BECKETT CHRISTIAN PRE-SCHOOL;Logan TWP;NJ;;;;;;,,
2876556;Other Chains;ARC OF BURLINGTON CO;Burlington;NJ;;;;;;,,
2876623;YMCA/YWCA;YMCA CHILD CARE CENTER;Mount Laurel;NJ;;;;;;,,
2881678;Montessori;DUBUQUE MONTESSORI SCHOOL;Dubuque;IA;;;;;;,,
2884905;Church/Synagogue;ALDERSGATE UNITED METH PRE-SCH;Olathe;KS;;;;;;,,
2886939;Employer (Corporate) Sponsored;LAKELAND LITTLE LEARNERS;Elkhorn;WI;;;;;;,,
2887012;Church/Synagogue;SUNRISE PRE-SCHOOL;Colorado Spgs;CO;;;;;;,,
2889060;Other Chains;ENCOMPASS EARLY ED-DE PERE CTR;De Pere;WI;;;;;;,,
2889395;Independent Center;WEE WISDOM NURSERY SCHOOL;Muncie;IN;;;;;;,,
2891506;Church/Synagogue;B'NAI ISRAEL NURSERY SCH 301;Rockville;MD;;;;;;,,
2908020;Church/Synagogue;SANTA ROSA CHRISTIAN LRNG CTR;Milton;FL;;;;;;,,
2909581;Montessori;WELLSVILLE MONTESSORI SCHOOL;Wellsville;NY;;;;;;,,
2910451;Church/Synagogue;CHRIST UMC CHILD CARE CENTER;Bethel Park;PA;;;;;;,,
2911651;Independent Center;PUMKIN PATCH DAY CARE CTR 1;Cleburne;TX;;;;;;,,
2911716;Montessori;MONT SCHOOL OF CORPUS CHRISTI;Corp Christi;TX;;;;;;,,
2916742;Church/Synagogue;GRIFFIN FIRST BAPTIST WKDY EDU;Griffin;GA;;;;;;,,
2919330;Independent Center;LENOX CHILDREN'S CENTER;Lenox;MA;;;;;;,,
2919689;Independent Center;SUNNYSIDE CHILD CARE-SMITH;Northampton;MA;;;;;;,,
2923733;Church/Synagogue;PLAZA PRESBY WEEKDAY SCHOOL;Charlotte;NC;;;;;;,,
2925640;Montessori;GREENE TOWNE MONTE SCHOOL;Philadelphia;PA;;;;;;,,
2931821;Montessori;SOLON MONT CREATIVE PLAYROOMS;Solon;OH;;;;;;,,
2934550;Church/Synagogue;STAR KING PARENT CHLD WORKSHOP;Santa Barbara;CA;;;;;;,,
2939524;Church/Synagogue;FIRST UNITED METH PRE-SCHOOL;Smyrna;GA;;;;;;,,
2940054;Independent Center;STEPPING STONES DAY CARE CTR;Lawrence;KS;;;;;;,,
2940171;Church/Synagogue;CENTRAL CHRISTIAN CCC;Lexington;KY;;;;;;,,
2940987;Independent Center;BROOKLINE INFANT & TODDLER CTR;Auburndale;MA;;;;;;,,
2952837;Other Chains;GIRL'S INCORPORATED DAY CARE;Nashua;NH;;;;;;,,
2953805;Independent Center;BANNER PRE-SCHOOL;Winnetka;IL;;;;;;,,
2954380;YMCA/YWCA;MANCHESTER YMCA BEF/AFT CDC;Manchester;NH;;;;;;,,
2957710;Independent Center;JCC CHILD DEVELOPMENT CTR;Omaha;NE;;;;;;,,
2961759;Church/Synagogue;ALAMO HEIGHTS UMC WEEKDAY SCH;San Antonio;TX;;;;;;,,
2970396;Church/Synagogue;MORNING STAR PRE DAY CARE CTR;Omaha;NE;;;;;;,,
2972150;Independent Center;CATAWBA RIDGE CHILD DEV CENTER;Hickory;NC;;;;;;,,
2974342;Church/Synagogue;ST ANTHONY OF PADUA DC;Greenville;SC;;;;;;,,
2977643;Independent Center;RIVER FOREST CMTY DAY CARE CTR;River Forest;IL;;;;;;,,
2978661;Independent Center;E PROVIDENCE BOYS & GIRLS CLUB;E Providence;RI;;;;;;,,
2982129;Independent Center;SPECIAL CARE;Oklahoma City;OK;;;;;;,,
2983769;Church/Synagogue;CALVARY CHILDREN'S CENTER;Naperville;IL;;;;;;,,
2985248;Independent Center;FOR CHILDREN ONLY DAY SCHOOL;Pearland;TX;;;;;;,,
2990774;College/University Based;CSUDH CHILDREN'S CENTER;Carson;CA;;;;;;,,
2995774;College/University Based;MIDLAND COLLEGE CHILD DEV CTR;Midland;TX;;;;;;,,
3018109;Church/Synagogue;ST PAUL LUTHERAN CHILD CARE;Saint Joseph;MO;;;;;;,,
3026560;YMCA/YWCA;YWCA KEY PROGRAM;Lewiston;ME;;;;;;,,
3031292;Church/Synagogue;HOLY SPIRIT CHILD CARE;Louisville;KY;;;;;;,,
3038018;YMCA/YWCA;SPENCER FAMILY'S YMCA;Spencer;IA;;;;;;,,
3053604;Church/Synagogue;SOLEL PRE-SCHOOL;Scottsdale;AZ;;;;;;,,
3078692;Independent Center;AMES CMTY PRE-SCH-NORTHMINSTER;Ames;IA;;;;;;,,
3081948;College/University Based;KSU CHILD DEVELOPMENT CENTER;Manhattan;KS;;;;;;,,
3082435;Independent Center;WONDERKIDS;Warwick;RI;;;;;;,,
3083295;Church/Synagogue;FIRST KIDS SCH AGE CHLDHD CARE;Louisville;KY;;;;;;,,
3091890;Church/Synagogue;FIRST BAPTIST CHURCH OF BYRAM;Byram;MS;;;;;;,,
3097832;Church/Synagogue;CROSS GATES METH CHLDRN'S CTR;Brandon;MS;;;;;;,,
3098472;Independent Center;TROY EARLY CHILD CARE CTR;Troy;IL;;;;;;,,
3110604;Independent Center;CREATIVE KIDS LEARNING CTR;Las Vegas;NV;;;;;;,,
3115783;Independent Center;ABC ACADEMY CHILD CARE DEV CTR;Jackson;MI;;;;;;,,
3136579;Independent Center;MANDEL JEWISH CMTY CTR PRE-SCH;Beachwood;OH;;;;;;,,
3147176;Church/Synagogue;SOUTHSIDE BAPT CHURCH DAY CARE;Florence;SC;;;;;;,,
3151218;Church/Synagogue;CORNERSTONE UN METH PRE-SCH;Houston;TX;;;;;;,,
3152406;Independent Center;CAMP FIRE USA CHILD CARE CTR;Pensacola;FL;;;;;;,,
3161938;Montessori;KINDERNEST MONTESSORI SCHOOL;Fredericksbrg;TX;;;;;;,,
3168649;Employer (Corporate) Sponsored;PAVILLARD LEARNING CENTER;Amarillo;TX;;;;;;,,
3168900;Church/Synagogue;TRIUMPHANT LOVE LUTH CDC;Austin;TX;;;;;;,,
3172640;Church/Synagogue;CORNERSTONE CC;Berkeley;CA;;;;;;,,
3173852;Church/Synagogue;BRIGHT BEGINNINGS PRE-SCHOOL;Fort Myers;FL;;;;;;,,
3177004;Church/Synagogue;JCC EARLY CHILDHOOD LRNG CTR;Maitland;FL;;;;;;,,
3181017;Church/Synagogue;KIDS FIRST;Bartlesville;OK;;;;;;,,
3181665;Church/Synagogue;ABC BARN CHILDREN'S PLACE;La Mesa;CA;;;;;;,,
3182009;Independent Center;DUCK'S NEST;Berkeley;CA;;;;;;,,
3183211;Independent Center;ORLEANS-NIAGARA BOCES ECC;Sanborn;NY;;;;;;,,
3185324;Independent Center;LITTLE MUD PUDDLES LC;Fremont;CA;;;;;;,,
3185946;Church/Synagogue;ST MARK'S PRE-SCHOOL/KIDZONE;Lincoln;NE;;;;;;,,
3188675;Church/Synagogue;ROTHSCHILD EARLY CHLDHD CENTER;Syracuse;NY;;;;;;,,
3190654;Independent Center;SCHENECTADY JEWISH CMTY CTR;Schenectady;NY;;;;;;,,
3190707;Independent Center;COBLESKILL CAMPUS CHILD CARE;Cobleskill;NY;;;;;;,,
3191347;Independent Center;GREAT NECK COMMUNITY SCHOOL;Great Neck;NY;;;;;;,,
3193321;Independent Center;CANTERBURY CMTY NURSERY SCHOOL;Richmond;VA;;;;;;,,
3194739;Church/Synagogue;RIVER ROAD CHURCH PRE-SCHOOL;Richmond;VA;;;;;;,,
3195616;Church/Synagogue;HOPE LUTHERAN PRE-SCHOOL;Daly City;CA;;;;;;,,
3205039;Independent Center;TLC EARLY LEARNING CENTER;Bloomington;MN;;;;;;,,
3214274;YMCA/YWCA;PIEDMONT FAMILY YMCA;University;VA;;;;;;,,
3215785;Montessori;KID TOWN USA;South Gate;CA;;;;;;,,
3216002;Independent Center;MEETING HOUSE CHILD CARE CTR;Newton;MA;;;;;;,,
3227520;Independent Center;SANDHILLS CHILDRENS CENTER;Rockingham;NC;;;;;;,,
3237666;Employer (Corporate) Sponsored;GUILD OF SR AGNES CHILD CARE;Webster;MA;;;;;;,,
3243744;Independent Center;GRACE GARDEN EDUCATION CTR;El Monte;CA;;;;;;,,
3254822;Church/Synagogue;ST JOSEPH AFTER SCHOOL CARE;Jefferson Cty;MO;;;;;;,,
3255620;YMCA/YWCA;SOUTH COUNTY YMCA DAY CARE;Saint Louis;MO;;;;;;,,
3267752;Independent Center;THE YOUNG SCHOOL;Columbia;MD;;;;;;,,
3273608;Independent Center;KID'S OF CHATAM ORG KOCO;East Hampton;CT;;;;;;,,
3276648;Independent Center;BEGINNING SCHOOL;Tucson;AZ;;;;;;,,
3277903;College/University Based;ST JOHN FISHER CLG CHILD CARE;Rochester;NY;;;;;;,,
3280376;Independent Center;CAUGHLIN CLUB KIDS;Reno;NV;;;;;;,,
3283495;Independent Center;BELLEVUE COMMUNITY CENTER;Wilmington;DE;;;;;;,,
3288201;Independent Center;CORNERSTONE EARLY LRNG CENTER;Douglasville;GA;;;;;;,,
3289889;Church/Synagogue;PEACHTREE RD LUTH PRE-SCH;Atlanta;GA;;;;;;,,
3291167;YMCA/YWCA;NORTHEAST YMCA-CHILD DEV CTR;Louisville;KY;;;;;;,,
3296480;Independent Center;BROOKER MEMORIAL CC & LRNG CTR;Torrington;CT;;;;;;,,
3299195;College/University Based;WOODSIDE CHILDREN'S CENTER;Amherst;MA;;;;;;,,
3300225;;BOYS & GIRLS CLUB-BERKSHIRES;Pittsfield;MA;;;;;;,,
3304867;Independent Center;FAIR ACRES COUNTRY DAY SCHOOL;Marstons Mls;MA;;;;;;,,
3307558;College/University Based;CAMPUS KINDER HAUS;Quincy;MA;;;;;;,,
3307649;Independent Center;GREATER QUINCY CHILD CARE CTR;Quincy;MA;;;;;;,,
3313545;Hospital Centers;HOSP TOTS CHILD DEV CTR;Columbia;TN;;;;;;,,
3342039;Other Chains;KIDDIE KOLLEGE-OVERLAND PARK;Overland Park;KS;;;;;;,,
3343643;Independent Center;NOAH'S ARK CHILD CARE CENTER;Manchester;NH;;;;;;,,
3346918;Church/Synagogue;IPC DAY SCHOOL;Birmingham;AL;;;;;;,,
3349128;Independent Center;BEAR COUNTRY PRE-SCHOOL;Merced;CA;;;;;;,,
3349714;College/University Based;ASI CHILDREN'S CENTER;Sacramento;CA;;;;;;,,
3351676;Church/Synagogue;TEMPLE ETZ CHAIM PRE-SCHOOL;Thousand Oaks;CA;;;;;;,,
3351913;Church/Synagogue;JCC EARLY LEARNING SCHOOL;Denver;CO;;;;;;,,
3353193;Church/Synagogue;THE PRE-SCHOOL;Atlanta;GA;;;;;;,,
3353325;Church/Synagogue;DECATUR 1ST UMC PRE-SCH;Decatur;GA;;;;;;,,
3353507;Independent Center;INMAN PARK COOPERATIVE PRE-SCH;Atlanta;GA;;;;;;,,
3353533;Church/Synagogue;JOHN'S CREEK UMC PRE-SCHOOL;Johns Creek;GA;;;;;;,,
3353583;Church/Synagogue;FIRST UNITED METH PRE-SCHOOL;Gainesville;GA;;;;;;,,
3354422;YMCA/YWCA;ILLINOIS VALLEY YMCA;Peru;IL;;;;;;,,
3354771;Church/Synagogue;GOOD SHEPHERD PRE-SCHOOL;Fort Wayne;IN;;;;;;,,
3355256;YMCA/YWCA;BAXTER YMCA PRE-SCHOOL;Indianapolis;IN;;;;;;,,
3356054;Independent Center;DISCOVERY PLACE PRE-SCHOOL;Wichita;KS;;;;;;,,
3357242;Church/Synagogue;LEARNING CENTER FOR YOUNG CHLD;Kensington;MD;;;;;;,,
3363887;Independent Center;BEGINNINGS NURSERY SCHOOL;New York;NY;;;;;;,,
3365017;Church/Synagogue;BET TORAH NURSERY SCHOOL;Mount Kisco;NY;;;;;;,,
3365316;Church/Synagogue;ST LUKE PRE-SCHOOL;Sanford;NC;;;;;;,,
3365603;Church/Synagogue;SEEDS OF FAITH PRE-SCHOOL;Fuquay Varina;NC;;;;;;,,
3368899;Independent Center;ELIZABETHTOWN CMTY NRSRY SCH;Elizabethtown;PA;;;;;;,,
3372761;Independent Center;JCC EARLY CHILDHOOD CENTER;Salt Lake Cty;UT;;;;;;,,
3373519;Church/Synagogue;BONSACK BPT WEEKDAY EARLY ED;Roanoke;VA;;;;;;,,
3373662;Church/Synagogue;PEAKLAND PRE-SCHOOL;Lynchburg;VA;;;;;;,,
3381853;Other Chains;GIVING NEST;N Plainfield;NJ;;;;;;,,
3403920;Montessori;SACRED HEART PRE-SCHOOL;Louisville;KY;;;;;;,,
3417141;Independent Center;LITTLE SWANS PRE-SCHOOL;Phoenix;AZ;;;;;;,,
3425643;Montessori;CHILDREN'S HOUSE MONTESSORI;Norman;OK;;;;;;,,
3428164;YMCA/YWCA;YWCA CHILDREN'S ALLEY II;Boulder;CO;;;;;;,,
3434319;Independent Center;LITTLE RED CABOOSE DAY CARE;Falmouth;ME;;;;;;,,
3441180;Independent Center;ROSSLYN CHILDREN'S CENTER;Arlington;VA;;;;;;,,
3445746;Independent Center;SILVER SPRING DAY SCHOOL;Silver Spring;MD;;;;;;,,
3449924;YMCA/YWCA;SHERIDAN COUNTY YMCA;Sheridan;WY;;;;;;,,
3450844;Independent Center;GOODMAN COMMUNITY CTR;Madison;WI;;;;;;,,
3451094;Church/Synagogue;CREATIVE LEARNING CENTER;Richmond;VA;;;;;;,,
3451616;Other Chains;BOYS & GIRLS CLUB-NORWOOD;Warwick;RI;;;;;;,,
3452244;YMCA/YWCA;MAPLE ST YMCA WEST BRANCH CC;Omaha;NE;;;;;;,,
3453597;Church/Synagogue;ST JOHN'S LUTH CH DAY CARE CTR;Kutztown;PA;;;;;;,,
3465253;YMCA/YWCA;NORTH BRANCH YMCA;Columbus;OH;;;;;;,,
3466245;YMCA/YWCA;E SUBURBAN YMCA-FRANKLIN REG;Pittsburgh;PA;;;;;;,,
3471393;Independent Center;APPLE TREE ACADEMY;High Point;NC;;;;;;,,
3474876;Church/Synagogue;AGAPE CHILDREN'S CENTER;Cincinnati;OH;;;;;;,,
3476173;YMCA/YWCA;M E LYONS YMCA CC-MADDUX;Cincinnati;OH;;;;;;,,
3476616;College/University Based;NIAGARA CO CLG CHILD DEV CTR;Sanborn;NY;;;;;;,,
3480734;YMCA/YWCA;BROOME CNTY YMCA CHILD CARE;Binghamton;NY;;;;;;,,
3482732;Independent Center;ASCENSION CHILD CARE;Shelburne;VT;;;;;;,,
3494400;College/University Based;JEFFERSON CLG CCC-HILLSBORO;Hillsboro;MO;;;;;;,,
3505023;Church/Synagogue;CENTRAL BAPTIST PRE-SCH & KDGN;Johnson City;TN;;;;;;,,
3508817;Independent Center;COMMUNITY NURSERY SCH GUILFORD;Guilford;CT;;;;;;,,
3514127;Independent Center;KREIGER EARLY CHLDHD CTR;Palm Harbor;FL;;;;;;,,
3528544;Independent Center;CHILDREN'S VILLAGE ORCHARD;Vancouver;WA;;;;;;,,
3530274;Church/Synagogue;ADVENTURE PLACE;Uniontown;OH;;;;;;,,
3531474;Church/Synagogue;ALL SAINTS LUTH PRE-SCH;Tamarac;FL;;;;;;,,
3531656;Independent Center;KIDS CENTRE;Seattle;WA;;;;;;,,
3534660;Independent Center;J C LYNCH PRE K;Coward;SC;;;;;;,,
3541106;Church/Synagogue;FIRST BAPTIST CH OF TAHOE CITY;Tahoe City;CA;;;;;;,,
3544940;Independent Center;TCC EARLY LEARNING CENTER;Tacoma;WA;;;;;;,,
3546261;Church/Synagogue;GRACE LUTHERAN PRE-SCHOOL;Miami;FL;;;;;;,,
3551761;Independent Center;SUNRISE CHILDREN'S CENTER;Amherst;NH;;;;;;,,
3561091;Montessori;WEST MONTESSORI-COPPERFIELD;Houston;TX;;;;;;,,
3561340;Church/Synagogue;HOLY COVENANT CHILD DEV CENTER;Katy;TX;;;;;;,,
3566297;Other Chains;ALLIANCE A/S-LEE;Abilene;TX;;;;;;,,
3566663;Independent Center;STARBRIGHT PRE-SCHOOL;Austin;TX;;;;;;,,
3566962;Church/Synagogue;RIVERBEND CHRISTIAN SCHOOL CDC;Austin;TX;;;;;;,,
3567928;Church/Synagogue;TLC SUNSHINE;Wichita Falls;TX;;;;;;,,
3568166;Church/Synagogue;ST PHILLIPS CHILD DEV CENTER;Round Rock;TX;;;;;;,,
3574907;Church/Synagogue;FRANCES JACOBSON ECC;Boston;MA;;;;;;,,
3583439;Independent Center;SOUTHSIDE CHILD DEV CTR;Baton Rouge;LA;;;;;;,,
3583506;Church/Synagogue;LITTLE ELKS PRE-SCHOOL;Lexington;KY;;;;;;,,
3588764;Church/Synagogue;LITITZ CHRN EARLY LRNG CTR;Lititz;PA;;;;;;,,
3595119;Church/Synagogue;LONE OAK FIRST BAPTIST PRE-SCH;Paducah;KY;;;;;;,,
3598408;Church/Synagogue;MUMS WEEKDAY DCC;Mebane;NC;;;;;;,,
3600128;Church/Synagogue;FIRST METHODIST PRE-SCHOOL;Alexandria;LA;;;;;;,,
3606835;Church/Synagogue;CROSBY METHODIST WEEKDAY PS;Crosby;TX;;;;;;,,
3607451;Church/Synagogue;VALLEY VIEW DAY SCHOOL;Clackamas;OR;;;;;;,,
3608704;Independent Center;EWEB CHILD DEVELOPMENT CTR;Eugene;OR;;;;;;,,
3611543;Church/Synagogue;CHILDREN'S CREATIVE PLAY DAY;Allen;TX;;;;;;,,
3616749;Other Chains;BENT TREE CHILD DEV CENTER;Addison;TX;;;;;;,,
3623194;Independent Center;KIDS ACADEMY;Calumet City;IL;;;;;;,,
3623522;Independent Center;JENNINGS-LYON DAY CARE;Sheridan;IL;;;;;;,,
3629227;YMCA/YWCA;ROBERT K FOX FAMILY YMCA;Lancaster;OH;;;;;;,,
3633058;Independent Center;KIDS & COMPANY CHILD CARE CTR;Wilmington;NC;;;;;;,,
3636323;Independent Center;SUNSHINE DEVELOPMENTAL SCHOOL;Jamaica;NY;;;;;;,,
3638371;Independent Center;GREENWAY LEARNING CENTER;Greenbelt;MD;;;;;;,,
3638864;Independent Center;EPWORTH CHILDREN'S CENTER;Cockeysville;MD;;;;;;,,
3639014;Church/Synagogue;CONGREGATION BETH ELOHIM ECC;Brooklyn;NY;;;;;;,,
3644289;Church/Synagogue;WOODBROOK EARLY EDUCATION;Baltimore;MD;;;;;;,,
3651294;Church/Synagogue;ISLE OF HOPE BAPTIST CCC;Savannah;GA;;;;;;,,
3653254;Church/Synagogue;DUNWOODY UMC PRE-SCHOOL;Dunwoody;GA;;;;;;,,
3655393;Church/Synagogue;FIRST UNITED METH PRE-SCHOOL;Ft Lauderdale;FL;;;;;;,,
4143501;Montessori;RESTON MONTESSORI SCHOOL;Reston;VA;;;;;;,,
4164048;Independent Center;FORESIGHT LEARNING CENTER;Flagstaff;AZ;;;;;;,,
4181876;Independent Center;CREATIVE WORLD LEARNING CENTER;Annandale;VA;;;;;;,,
4185303;Church/Synagogue;ABIDING HOPE PRE-SCHOOL;Littleton;CO;;;;;;,,
4199926;Independent Center;SIMPLY KIDS PRE-SCHOOL;Hot Springs;AR;;;;;;,,
4201359;Church/Synagogue;BALDWIN CHILD CARE CENTER;Millersville;MD;;;;;;,,
4201529;Church/Synagogue;FIRST BAPTIST WEE CENTER;De Queen;AR;;;;;;,,
4205056;;DUCK POND DAY CARE-MILFORD;Milford;CT;;;;;;,,
4207494;;CAMPORA FAMILY RESOURCE CENTER;Winchester;TN;;;;;;,,
4218039;Church/Synagogue;ST JEROME'S AFTER SCHOOL PGRM;Hyattsville;MD;;;;;;,,
4220290;YMCA/YWCA;ANDOVER/N ANDOVER YMCA CC PRGM;Andover;MA;;;;;;,,
4221232;YMCA/YWCA;MALDEN YMCA;Malden;MA;;;;;;,,
4229777;Independent Center;SMART KIDS CC & LEARNING CTR;Washington;PA;;;;;;,,
4230453;YMCA/YWCA;FIRESTONE PK YMCA SACC-GLOVER;Akron;OH;;;;;;,,
4246529;Independent Center;LIL CRITTERS PRE-SCHOOL;Norwalk;CT;;;;;;,,
4248785;Independent Center;DUVENECK KIDS CLUB;Palo Alto;CA;;;;;;,,
4250958;Montessori;DECATUR MONTESSORI SCHOOL;Decatur;GA;;;;;;,,
4259461;Church/Synagogue;NEW NORTHSIDE CHILD DEV CTR;Saint Louis;MO;;;;;;,,
4262303;Independent Center;BARNERT TEMPLE PRE-SCHOOL;Franklin LKS;NJ;;;;;;,,
4275518;College/University Based;OSU CHILD DEV CENTER;Corvallis;OR;;;;;;,,
4276756;Independent Center;WILLOW'S CHRISTIAN CCC;Iron Ridge;WI;;;;;;,,
4277786;Independent Center;KEEPS EXTENDED EDUC PROGRAM;Mamaroneck;NY;;;;;;,,
4284959;Independent Center;BUILDING BLOCKS CHILDCARE;Newburgh;NY;;;;;;,,
4292011;Independent Center;APPLESEED EARLY LEARNING CTR;Worcester;MA;;;;;;,,
4306002;Independent Center;SPOKANE CHILD DEVELOPMENT CENT;Spokane Vly;WA;;;;;;,,
4308517;Independent Center;NEW MORNING;Bedford;NH;;;;;;,,
4314401;Independent Center;KIDS CONNECTION;Joliet;IL;;;;;;,,
4317300;Other Chains;MINNIELAND ACADEMY;Harrisonburg;VA;;;;;;,,
4321480;Church/Synagogue;ST PAUL'S LUTHERAN PRE-SCH;Waverly;IA;;;;;;,,
4323464;Independent Center;C B KING MEMORIAL SCHOOL;Mc Gehee;AR;;;;;;,,
4342757;Church/Synagogue;CHILDREN'S ARK LEARNING CTR;Clarkston;MI;;;;;;,,
4348531;Independent Center;PRECIOUS TREASURES;Valdosta;GA;;;;;;,,
4374499;Independent Center;SCHOLARS PRE-SCH/KDGN;San Jose;CA;;;;;;,,
4422888;Independent Center;HAPPY VALLEY PRE-SCHOOL;Happy Valley;OR;;;;;;,,
4426119;YMCA/YWCA;WALKER KIDS CLUB -ASHLAND YMCA;Ashland;OR;;;;;;,,
4430562;Independent Center;APPLETREE LEARNING CENTER;Casper;WY;;;;;;,,
4469135;Independent Center;KIDS & COMPANY DC-NEWKIRK;Wilmington;NC;;;;;;,,
4480141;Church/Synagogue;SHALOM PRE-SCHOOL;Naples;FL;;;;;;,,
4484472;Independent Center;COURTHOUSE PRE-SCH & KDGN;Virginia Bch;VA;;;;;;,,
4487802;Church/Synagogue;CHAPARRAL CHRISTIAN SCHOOL;Scottsdale;AZ;;;;;;,,
4490847;Other Chains;NEXT GENERATION CHILDREN'S CTR;Beverly;MA;;;;;;,,
4491293;Independent Center;LEARN & PLAY DAY CARE CENTER;Roxbury;MA;;;;;;,,
4495859;Montessori;SUNSET MONTESSORI CMTY SCHOOL;Las Vegas;NV;;;;;;,,
4499013;Church/Synagogue;CORNERSTONE CHRISTIAN PRE-SCH;Hamilton;OH;;;;;;,,
4504785;Family Day Residences;LITTLE NOISES CHILD CARE CTR;Moodus;CT;;;;;;,,
4766854;Church/Synagogue;ATONEMENT CHRISTIAN DAY SCHOOL;Barrington;IL;;;;;;,,
4771419;Church/Synagogue;LINDENWOOD CHRISTIAN CCC;Memphis;TN;;;;;;,,
4772425;Church/Synagogue;FIRST BAPTIST KIDS CARE;Blountville;TN;;;;;;,,
4778259;YMCA/YWCA;SCHLOSSMAN FAMILY YMCA WEST;Moorhead;MN;;;;;;,,
4779590;Church/Synagogue;OGLETHORPE PRESBY PRE-SCHOOL;Atlanta;GA;;;;;;,,
4787705;Independent Center;BANNERS CHILD CARE;Rochester;NY;;;;;;,,
4788357;;FIRST PRESBYTERIAN CHILD DEV;Midland;TX;;;;;;,,
4789519;Church/Synagogue;MOUNTAIN TOP PRE-SCHOOL & KDGN;Warren;NJ;;;;;;,,
4790831;Independent Center;NEW FRIENDS CHLD CARE PRE-SCH;Edison;NJ;;;;;;,,
4792853;Independent Center;ACCESS GROUP INC;Little Rock;AR;;;;;;,,
4844250;Church/Synagogue;SOUTHERN HILLS CHILD DEV CTR;Edmond;OK;;;;;;,,
4845400;Other Chains;SUNRISE PRE-SCHOOL #116;Gilbert;AZ;;;;;;,,
4849781;Other Chains;NEXT GENERATION CHILDREN'S CTR;Marlborough;MA;;;;;;,,
4857130;Church/Synagogue;BETH MOSHE CONGREGATION;North Miami;FL;;;;;;,,
4862422;Independent Center;CHESTNUT CHILDRENS CENTER;Needham;MA;;;;;;,,
4865591;Independent Center;FOLLOW ME CHILD CARE CENTER;Harrisburg;PA;;;;;;,,
4882496;Independent Center;KIRKWOOD EARLY CHILDHOOD CTR;Saint Louis;MO;;;;;;,,
4886935;Church/Synagogue;CALVARY CHILD CARE CTR;Fairless Hls;PA;;;;;;,,
4886997;YMCA/YWCA;LOWER BUCK YMCA-CARLA BARTON;Fairless Hls;PA;;;;;;,,
4887953;YMCA/YWCA;KENNETT UNIONVILLE YMCA-GARDEN;Kennett Sq;PA;;;;;;,,
4889456;Church/Synagogue;LAKE MURRAY PRESBY PRE-SCHOOL;Chapin;SC;;;;;;,,
4890285;Independent Center;DAY CARE CENTER-ARDSLEY;Glenside;PA;;;;;;,,
4902163;YMCA/YWCA;LOCK HAVEN AREA YMCA;Lock Haven;PA;;;;;;,,
4903454;YMCA/YWCA;CHAMBERSBURG MEMORIAL YMCA;Chambersburg;PA;;;;;;,,
4930122;;DISCOVERY ISLAND CHILD DEV CTR;Orange Beach;AL;;;;;;,,
4930316;Other Chains;CHESTERBROOK ACADEMY 653;Cary;NC;;;;;;,,
4936140;Other Chains;CHILD'S WORLD ACADEMY;Monroe;CT;;;;;;,,
4958605;Independent Center;HOOPER ACADEMY EARLY LRNG CTR;Hope Hull;AL;;;;;;,,
4960799;Montessori;MONTESSORI ACADEMY-PRE-SCHOOL;Scottsdale;AZ;;;;;;,,
4962448;;WALNUT HILLS PRE-SCHOOL;Urbandale;IA;;;;;;,,
4966846;;TEDDY BEAR PLAYHOUSE;Brighton;MI;;;;;;,,
4967785;Church/Synagogue;NATIVITY PRE-SCHOOL & KDGN;Arden;NC;;;;;;,,
5015763;;KID'S UNIVERSITY PRE-SCHOOL 2;Hialeah;FL;;;;;;,,
5017151;Independent Center;CREATIVE CHILD LEARING CENTER;Ft Lauderdale;FL;;;;;;,,
5018636;Other Chains;THE LEARNING CENTER PS & DC;Largo;FL;;;;;;,,
5019343;Church/Synagogue;LEARNING VILLAGE PRE-SCHOOL;Lehigh Acres;FL;;;;;;,,
5027510;YMCA/YWCA;GREAT PLAINS FAMILY YMCA;Weatherford;OK;;;;;;,,
5027699;;ONE STEP AT A TIME;Edmond;OK;;;;;;,,
5028227;;LAUNCHING PAD;Oklahoma City;OK;;;;;;,,
5032369;YMCA/YWCA;SOUTHERN DISTRICT YMCA;Exeter;NH;;;;;;,,
5072022;Church/Synagogue;ATONEMENT CHILD CARE CENTER;Omaha;NE;;;;;;,,
5077187;YMCA/YWCA;YMCA CHLDREN PRE-SCHOOL;Wilmington;DE;;;;;;,,
5103669;Church/Synagogue;OPEN DOOR CHILD CARE;Denver;CO;;;;;;,,
5104170;;HEBREW EDUCATIONAL ALLIANCE;Denver;CO;;;;;;,,
5111977;Independent Center;KALEIDOSCOPE;Eastsound;WA;;;;;;,,
5112892;;CITY KIDS PRE-SCHOOL;Kirkland;WA;;;;;;,,
5114072;Independent Center;CADENCE ACADEMY PRE-SCHOOL;Gig Harbor;WA;;;;;;,,
5114383;;DISCOVERY STATION CC & DC;Puyallup;WA;;;;;;,,
5116927;Independent Center;LANESBORO CHILD CARE CENTER;Lanesboro;MN;;;;;;,,
5117177;;UNIV NORTHWESTERN CHLD DEV CTR;Roseville;MN;;;;;;,,
5117866;Church/Synagogue;DAVIDS CHRN LRNG CTR;Columbia Hts;MN;;;;;;,,
5118406;Church/Synagogue;CHILDREN OF TOMORROW;Chanhassen;MN;;;;;;,,
5120423;Independent Center;YOUNG HEARTS & FUTURE STEPS;Morgantown;WV;;;;;;,,
5122809;Church/Synagogue;ST STEPHENS CHILD DEV CTR;Huntsville;AL;;;;;;,,
5124845;Church/Synagogue;AZALEA CITY CHN SCHOOL;Semmes;AL;;;;;;,,
5130686;Montessori;OAK BROOK SCHOOL;Murphy;TX;;;;;;,,
5133846;;WESLEYAN CHRISTIAN ACADEMY;Rowlett;TX;;;;;;,,
5134929;;ANNUNCIATION CHILDREN CENTER;Houston;TX;;;;;;,,
5135612;Montessori;BLUEBONNET MONTESSORI SCHOOL;Lakeway;TX;;;;;;,,
5135739;Other Chains;STEPPING STONE SCHOOL-PARMER;Austin;TX;;;;;;,,
5145954;Montessori;COLLEYVILLE MONTESSORI SCHOOL;Colleyville;TX;;;;;;,,
5149429;;ACADEMY HOUSE CHILD DEV CTR;Jersey City;NJ;;;;;;,,
5152189;;BLAWENBURG VILLAGE SCHOOL;Blawenburg;NJ;;;;;;,,
5153793;Independent Center;CHRISTIES CAROUSEL OF LEARNING;Park Ridge;IL;;;;;;,,
5182342;Church/Synagogue;GRAND VIEW CDC;Dubuque;IA;;;;;;,,
5188475;Independent Center;LIL' PEOPLES' PLACE DAY CARE;Clarkston;MI;;;;;;,,
5192969;Church/Synagogue;COTTONWOOD CHRISTIAN LRNG CTR;Jenison;MI;;;;;;,,
5197751;;SLOAN CANYON FREE WILL BAPT PS;Castaic;CA;;;;;;,,
5201261;Church/Synagogue;LIFE CHRISTIAN ACADEMY;Riverside;CA;;;;;;,,
5204445;Independent Center;JOB TRAIN'S ON SITE PRE-SCHOOL;Menlo Park;CA;;;;;;,,
5205097;;SERENDIPITY PRE-SCHOOL;San Mateo;CA;;;;;;,,
5205671;Independent Center;SUNSHINE KIDS PRE-SCHOOL;Fremont;CA;;;;;;,,
5221273;Church/Synagogue;HAND PRINTS EARLY EDU CENTER;Colorado Spgs;CO;;;;;;,,
5253329;Independent Center;PREMIER CHILD CARE;Schererville;IN;;;;;;,,
5257870;Independent Center;MINNIELAND ACADEMY-CENTRAL PK;Fredericksbrg;VA;;;;;;,,
5285657;;SPECTRUM STATION DAY CARE;Kansas City;MO;;;;;;,,
5290872;College/University Based;NDSU WELLNESS CHILD CARE CTR;Fargo;ND;;;;;;,,
5292820;Church/Synagogue;PEACHTREE PRESBYTERIAN PRE-SCH;Atlanta;GA;;;;;;,,
5294402;Independent Center;CHILDTIME-QUEENSBURY;Queensbury;NY;;;;;;,,
5296333;Church/Synagogue;STEPPING STONES NURSERY SCHOOL;Brooklyn;NY;;;;;;,,
5297272;;CHILDREN'S CONTINUOUS CARE;MacEdon;NY;;;;;;,,
5298202;Church/Synagogue;COUNTRY GROVE CHILDREN'S CTR;Poughkeepsie;NY;;;;;;,,
5298408;Independent Center;LITTLE PALS PRE-SCHOOL;Monroe;NY;;;;;;,,
5300518;Independent Center;IMAGINATION STATION DAY CARE;Zeeland;MI;;;;;;,,
5300659;;MORNING STAR CHILD CARE W;Dexter;MI;;;;;;,,
5305661;;TRINIDAD'S CHILD DEV CENTER;Milwaukee;WI;;;;;;,,
5307683;;ST LUKE CHILD LIFE MINISTRY DC;Waukesha;WI;;;;;;,,
5307827;Church/Synagogue;ST PAUL'S CHILD CARE CENTER;Fremont;WI;;;;;;,,
5310238;;FIRST WOODWAY CHRISTIAN PS;Waco;TX;;;;;;,,
5310496;;HAPPY HARBOUR EARLY CHILDHOOD;League City;TX;;;;;;,,
5311579;Church/Synagogue;LITTLE ANGELS DAY CARE;Pflugerville;TX;;;;;;,,
5313773;Other Chains;PEANUT GALLERY-ALLEN;Allen;TX;;;;;;,,
5319569;College/University Based;U C IRVINE-INFANT TODDLER CTR;Irvine;CA;;;;;;,,
5319636;Church/Synagogue;EMANUEL LUTHERAN DAY CARE;Modesto;CA;;;;;;,,
5321720;Church/Synagogue;LITTLE SHEPHERD'S LEARNING CTR;Northridge;CA;;;;;;,,
5326328;Church/Synagogue;KID COUNTRY CHILDCARE;Manhattan;IL;;;;;;,,
5331127;Church/Synagogue;JEWISH CMTY CTR EARLY CHILDHD;Tucson;AZ;;;;;;,,
5340893;Church/Synagogue;SUMMERVILLE BAPTIST CDC;Summerville;SC;;;;;;,,
5354820;YMCA/YWCA;SOMERSET VLY YMCA SOMERVILLE;Somerville;NJ;;;;;;,,
5357286;Independent Center;CAPE COD CHILDREN'S PLACE;Eastham;MA;;;;;;,,
5357339;Independent Center;CHERUBS CHILD DEV CENTER;Marshfield;MA;;;;;;,,
5374351;Independent Center;ADOPT-A-FAMILY;Lake Worth;FL;;;;;;,,
5374404;Independent Center;LIGHTHOUSE ACADEMY & CDC;Boynton Beach;FL;;;;;;,,
5377767;;PIERCE EXTENDED DAY;Brookline;MA;;;;;;,,
5377781;Independent Center;RUNKLE SCHOOL EXT DAY PROGRAM;Brookline;MA;;;;;;,,
5380025;;REHOBOTH CHILD DEV CTR;Columbia;SC;;;;;;,,
5380415;Independent Center;WHITEFIELD CHILD DEV CTR;Belton;SC;;;;;;,,
5385051;Church/Synagogue;TABERNACLE LEARNING CENTER;Laurel;MD;;;;;;,,
5387918;;HIDENWOOD PRESBYTERIAN PRE-SCH;Newport News;VA;;;;;;,,
5389411;Church/Synagogue;DERBYSHIRE NURSERY SCHOOL;Richmond;VA;;;;;;,,
5389461;Church/Synagogue;CHURCH OF THE BLUE RIDGE DC;Afton;VA;;;;;;,,
5391206;Independent Center;LITTLE HEARTS & HANDS DC;Urbana;IL;;;;;;,,
5393199;College/University Based;UWM CHILDREN'S CENTER;Milwaukee;WI;;;;;;,,
5397224;Independent Center;LAWRENCE COUNTY COOP SCHOOL;Portia;AR;;;;;;,,
5402415;;LITTLE GUPPY CHILD DEV CENTER;Saint Charles;MO;;;;;;,,
5403146;Hospital Centers;EARLY LEARNING CTR OF MILFORD;Milford;NH;;;;;;,,
5404865;Church/Synagogue;EMMANUEL EPISCOPAL DAY SCHOOL;Athens;GA;;;;;;,,
5416351;YMCA/YWCA;YMCA DAY CARE OF CORRY;Corry;PA;;;;;;,,
5422556;;ST GABRIEL'S LITTLE ANGELS PS;McKinney;TX;;;;;;,,
5422843;Independent Center;TYLER CHRISTIAN PRE-SCHOOL;Tyler;TX;;;;;;,,
5424176;;LITTLE SAINTS & SCHOLARS PS;Wylie;TX;;;;;;,,
5425065;;LIGHTHOUSE LEARNING ACADEMY;League City;TX;;;;;;,,
5426497;Independent Center;NEW CITY KIDS AFTER SCHOOL CTR;Jersey City;NJ;;;;;;,,
5428495;Independent Center;DISCOVERY POINT DC-MACLAND;Marietta;GA;;;;;;,,
5429499;Other Chains;DISCOVERY POINT DC-SUGAR HILL;Buford;GA;;;;;;,,
5431117;Independent Center;SHINING STARS DEVAL CDC;West End;NC;;;;;;,,
5432147;;A CHILDS WORLD LEARNING CENTER;Winston Salem;NC;;;;;;,,
5440584;Church/Synagogue;BETH MYER PRE-SCHOOL;Raleigh;NC;;;;;;,,
5441019;Church/Synagogue;SECOND BAPTIST DAY CARE & CDC;Mount Holly;NC;;;;;;,,
5441083;College/University Based;REG CTR FOR THE ADV OF CHLDRN;Clyde;NC;;;;;;,,
5441112;Independent Center;VILLAGE KIDS DAY CARE;Greensboro;NC;;;;;;,,
5448940;Other Chains;PUSCH RIDGE PRE-SCHOOL;Tucson;AZ;;;;;;,,
5450515;Church/Synagogue;LITTLE LIGHTS CHRISTIAN EL CTR;Broomfield;CO;;;;;;,,
5453933;;WILSON'S DAY CARE & LC;Kingstree;SC;;;;;;,,
5454676;Independent Center;MASON RICE AFTER SCHOOL-HUT;Newton Center;MA;;;;;;,,
5454755;Montessori;E BRIDGE MONTESSORI SCHOOL;Westborough;MA;;;;;;,,
5455101;;CHILDREN'S ENRICHMENT CENTER;Mansfield;MA;;;;;;,,
5457587;Church/Synagogue;CREATIVE KIDS DAY CARE;Hattiesburg;MS;;;;;;,,
5459987;Other Chains;MINNIELAND ACADEMY #27;Centreville;VA;;;;;;,,
5460273;Montessori;CHANTILLY MONT-DEI BAMBINI;Chantilly;VA;;;;;;,,
5466461;YMCA/YWCA;YMCA Y DAY CARE PROGRAM;Jamestown;NY;;;;;;,,
5474573;Church/Synagogue;JUMPS- JOSHUA UNITED METH PS;Joshua;TX;;;;;;,,
5476026;Montessori;WHISPERING FARMS MONT ACAD;Prosper;TX;;;;;;,,
10760101;Independent Center;APPLE TREE LEARNING CTRS;Stowe;VT;;;;;;,,
10760266;;WINN BROOK PTA CHILD CARE CTR;Belmont;MA;;;;;;,,
10760644;Church/Synagogue;LITTLE LIGHTS CCC;Clemson;SC;;;;;;,,
10760711;Independent Center;SPRINGVIEW ACADEMY DAY CARE;Mt Pleasant;SC;;;;;;,,
10760943;Independent Center;ALL ABOUT KIDS DAY CARE;Blountville;TN;;;;;;,,
10767563;;GINGERCARE CHRISTIAN ACAD;Aurora;IL;;;;;;,,
10768268;Independent Center;LEARNING TREE CHILD CARE CTR;Huntley;IL;;;;;;,,
10775132;Independent Center;EARLY CHILDHOOD CENTER;New York;NY;;;;;;,,
10778689;Independent Center;VISALIA ADULT SCHOOL CCCC;Visalia;CA;;;;;;,,
10785254;;ST MARY'S PRE-SCH & DAY CARE;Alexandria;VA;;;;;;,,
10786260;Montessori;GUIDEPOST MONTESSORI-RESTON;Herndon;VA;;;;;;,,
10786480;;ST THOMAS DAY SCHOOL;Richmond;VA;;;;;;,,
10788921;Independent Center;CONCORD NEIGHBORHO CCC;Indianapolis;IN;;;;;;,,
10791564;;ST MARY'S SCHOOL SACC;Alexandria;KY;;;;;;,,
10796576;;WONDERS CHILD CARE CTR;Chevy Chase;MD;;;;;;,,
10798457;Church/Synagogue;ADAM LAMB PRE-SCH PRESBY CH;Dardenne Pr;MO;;;;;;,,
10798823;Church/Synagogue;DISCOVERY DAYS PRE-SCHOOL;Columbia;MO;;;;;;,,
10798897;Church/Synagogue;WESTSIDE CHRISTIAN ACADEMY;Waynesville;MO;;;;;;,,
10802022;Church/Synagogue;FIRST BAPTIST ICARD CEC;Connelly Spg;NC;;;;;;,,
10983810;Independent Center;READING FRIENDS PRE-SCHOOL;Aledo;TX;;;;;;,,
10985636;Independent Center;FIRST BAPT CH FRIENDSWOOD CC;Friendswood;TX;;;;;;,,
10992524;Church/Synagogue;CICERO CHRISTIAN SCHOOL;Cicero;IN;;;;;;,,
11024558;;MELODY LANE CHILDRENS CENTER;Riverside;CA;;;;;;,,
11024649;Montessori;LIFETIME MONTESSORI SCHOOL;San Diego;CA;;;;;;,,
11036214;;EARLY IMPRESSIONS DEV CTR;Yulee;FL;;;;;;,,
11041697;;CROSSPOINTE LEARNING CENTER;Dalton;GA;;;;;;,,
11052763;Montessori;BETHANY VILLAGE MONTESSORI SCH;Portland;OR;;;;;;,,
11059046;YMCA/YWCA;BEAR GLASGOW BRANCH YMCA;Newark;DE;;;;;;,,
11162095;Other Chains;KIDS DISCOVERY 5 DC;Gulf Breeze;FL;;;;;;,,
11170781;;WIND 'N WILLOW DAY CARE;Massapequa;NY;;;;;;,,
11179543;Montessori;TLC MONTESSORI PRE-SCH;Murphy;NC;;;;;;,,
11185499;Montessori;GARDEN GATE MONT CCC;Hartland;MI;;;;;;,,
11192519;Independent Center;SHINING STARS DAY CARE CTR;Jourdanton;TX;;;;;;,,
11192894;Independent Center;PETTIT PRIVATE PRE-SCHOOL;Aurora;TX;;;;;;,,
11196759;Montessori;FOUNDATION HILL MONT CCC;Andover;MN;;;;;;,,
11204552;;SCANDINAVIAN PS-SAN FRANCISCO;San Francisco;CA;;;;;;,,
11204708;;ST JOACHIM PRE-SCHOOL;Hayward;CA;;;;;;,,
11211323;;WEE BLESSINGS PRE-SCHOOL;Chandler;AZ;;;;;;,,
11212066;Independent Center;SUNSHINE PRE-SCHOOL;Basking Ridge;NJ;;;;;;,,
11212626;;VILLAGE BABIES DEVELOPMENT CTR;South Orange;NJ;;;;;;,,
11241732;Independent Center;LEARNING PALETTE PRE-SCH;Jamestown;NC;;;;;;,,
11243883;Church/Synagogue;ASCENSION EARLY CHILD CARE CTR;Beverly Hills;MI;;;;;;,,
11244849;;RIVER STREET ELC PRE-SCHOOL;Hartford;CT;;;;;;,,
11264203;YMCA/YWCA;YMCA MOTHERS DAY OUT;Austin;TX;;;;;;,,
11265348;College/University Based;ECSU CHLD & FMLY DEV RES CTR;Willimantic;CT;;;;;;,,
11293541;Church/Synagogue;ROCK SPGS UN METH CH PRE-SCH;Lawrenceville;GA;;;;;;,,
11297808;Church/Synagogue;OUR LADY OF CONSOLATION ELC;Parkesburg;PA;;;;;;,,
11298369;Church/Synagogue;BETHANY CHRISTIAN PRE-SCH;Mount Vernon;WA;;;;;;,,
11298981;Church/Synagogue;TEMPLE BAPTIST PRE-SCHOOL;New Bern;NC;;;;;;,,
11299791;;ANGELA CHAPMANS CHILD CARE;Stillwater;OK;;;;;;,,
11308380;Other Chains;HAPPY DAYS CHILD CARE;Merrillville;IN;;;;;;,,
11309023;Independent Center;MEETING HOUSE PRE-SCH;Alexandria;VA;;;;;;,,
11317563;Church/Synagogue;NEFFSVILLE CHRISTIAN PRE-SCH;Lancaster;PA;;;;;;,,
11327506;YMCA/YWCA;SARPY CMTY YMCA PRE-SCH;Papillion;NE;;;;;;,,
11331387;Church/Synagogue;A CHILDS GARDEN;Severna Park;MD;;;;;;,,
11350682;Independent Center;CHILDRENS VILLAGE;Exeter;RI;;;;;;,,
11350967;Church/Synagogue;INSTITUTE OF CHILD DEVELOPMENT;Norman;OK;;;;;;,,
11354418;Church/Synagogue;GREENHILL SCH CHILD DEVLOPMENT;Addison;TX;;;;;;,,
11365962;Independent Center;HERE WE GROW LEARNING CENTER;Clearwater;FL;;;;;;,,
11392018;Church/Synagogue;OVERLAND HILLS CHRISTIAN PS;Papillion;NE;;;;;;,,
11413143;Other Chains;CREME DE LA CREME-ROMEOVILLE;Romeoville;IL;;;;;;,,
11480031;;GAN YELADIM PRE-SCHOOL;Stamford;CT;;;;;;,,
11490658;;GILMORE MEMORIAL PRE-SCHOOL;Paterson;NJ;;;;;;,,
11492058;Independent Center;MINNIELAND ACAD HEATHCOTE # 40;Haymarket;VA;;;;;;,,
11492242;;MCNEIL PRE-SCHOOL ACADEMY;Alexandria;VA;;;;;;,,
11492618;Church/Synagogue;ASCENSION EPISCOPAL DAY SCH;Norfolk;VA;;;;;;,,
11501673;Independent Center;MY PLACE EARLY LEARNING CTR;Katy;TX;;;;;;,,
11502201;;SECOND BAPTIST PRE-SCHOOL;Huntsville;TX;;;;;;,,
11505253;Montessori;ABSORBENT MINDS MONT SCHOOL;Cuyahoga FLS;OH;;;;;;,,
11505411;;SPROUTS DAY CARE;Indianapolis;IN;;;;;;,,
11506788;Independent Center;GATEWAY ACAD CDC-W ARROWOOD;Charlotte;NC;;;;;;,,
11508384;Church/Synagogue;SHALOH HOUSE PRE-SCHOOL;Stoughton;MA;;;;;;,,
11508621;;SUDBURY COOPERATIVE PRE-SCHOOL;Sudbury;MA;;;;;;,,
11510868;;LLC LIGHTHOUSE LEARNING ACAD;Cookeville;TN;;;;;;,,
11514383;Other Chains;PHOENIX CHLDRNS ACAD HAPPY VLY;Scottsdale;AZ;;;;;;,,
11514735;;NEW VISION PRE-SCHOOL;Mt Hood PRKDL;OR;;;;;;,,
11524546;Other Chains;WEST COUNTY DAY SCHOOL;Chesterfield;MO;;;;;;,,
11524716;Montessori;CASA DIA MONTESSORI-WATSON;Saint Louis;MO;;;;;;,,
11553535;Other Chains;CRAYON CAMPUS;Grand Prairie;TX;;;;;;,,
11554151;Other Chains;WINWOOD CHLD CTR-BRAMBLETON II;Ashburn;VA;;;;;;,,
11554163;Other Chains;FLANAGAN'S PRE-SCHOOL;Plymouth MTNG;PA;;;;;;,,
11554357;Other Chains;PHOENIX CHLDRN'S ACAD CHANDLER;Scottsdale;AZ;;;;;;,,
11554424;Independent Center;PEANUT GALLERY-THE COLONY;The Colony;TX;;;;;;,,
11555038;Independent Center;GATEWAY ACADEMY CDC-GREENVILLE;Greenville;SC;;;;;;,,
11555777;Independent Center;KIDS BAY LEARNING CENTER;San Diego;CA;;;;;;,,
11570882;Church/Synagogue;HOMEWOOD DAY SCHOOL;Homewood;AL;;;;;;,,
11593987;;CLAREMONT NEIGHBORHOOD CCC;Bronx;NY;;;;;;,,
11618006;Montessori;MIAMI SPRINGS MONTESSORI SCH;Miami Springs;FL;;;;;;,,
11619347;;PREMIER ACADEMY;Windermere;FL;;;;;;,,
11621259;;SCOTTSDALE ACADEMY-SOUTHWOOD;Tallahassee;FL;;;;;;,,
11623271;;OHIO WESLEYAN UNIVERSITY ECC;Delaware;OH;;;;;;,,
11627071;Other Chains;MINNIELAND ACADEMY-WOODLAKE;Midlothian;VA;;;;;;,,
11631797;;PANKOW VOCATIONAL CCC;Clinton TWP;MI;;;;;;,,
11631979;;NANNY'S NURSERY;Taylor;MI;;;;;;,,
11632478;Independent Center;TOWNE LAKE ACADEMY-N CAMPUS;Woodstock;GA;;;;;;,,
11633563;;NEW ODYSSEY FOR CHILDREN CCC;Hoschton;GA;;;;;;,,
11640750;;DISCOVERY STATION ELC;Spanaway;WA;;;;;;,,
11640889;Independent Center;SARODGINI DAY CARE;Bellevue;WA;;;;;;,,
11645944;;SCHOOL OF IMAGINATION CCC;Dublin;CA;;;;;;,,
11649720;YMCA/YWCA;YMCA SCHOOLS OUT-DUNBAR;Springfield;MA;;;;;;,,
11652234;Independent Center;A PLACE TO GROW LEALRNING CTR;Pittsburgh;PA;;;;;;,,
11653783;YMCA/YWCA;WEST CHESTER YMCA DAY CARE;West Chester;PA;;;;;;,,
11660748;;LITTLE FOOTSTEPS CHILD DEV CTR;Wayne;NJ;;;;;;,,
11667904;;A STEP AHEAD CHILD DEV CENTER;Conway;SC;;;;;;,,
11670688;;TEMPLE SHAARAY TEFILA NURSERY;New York;NY;;;;;;,,
11673381;;DISCOVERY PRE-SCH;Louisville;KY;;;;;;,,
11675183;;TEMPLE BETH SHALOM PRE-SCHOOL;Las Vegas;NV;;;;;;,,
11682801;;SPROUTS PRE-SCHOOL;McKinney;TX;;;;;;,,
11683415;Church/Synagogue;WESTMINSTER WEEKDAY PRE-SCH;Houston;TX;;;;;;,,
11683441;;WEST UNIVERSITY UNITED METH DC;Houston;TX;;;;;;,,
11688661;Independent Center;SMART START CHILD CARE CENTER;Omaha;NE;;;;;;,,
11756074;;EARLY YEARS PRE-SCHOOL & PDO;Arlington;VA;;;;;;,,
11756206;Independent Center;DESTINY PRE-SCHOOL;Leesburg;VA;;;;;;,,
11756816;Church/Synagogue;FIRST BAPTIST-HERNDON CDC;Herndon;VA;;;;;;,,
11758797;;CARE AFTER SCHOOL-WORTHINGTON;Columbus;OH;;;;;;,,
11759844;;ALTA CANYON SPORTS CCC;Sandy;UT;;;;;;,,
11760312;;HAPPY SPROUTS DC;La Vista;NE;;;;;;,,
11760623;;STEPPING STONES CC LRNG CTR;Brainerd;MN;;;;;;,,
11762425;;CHILDREN FIRST CLUB;Granby;MA;;;;;;,,
11774686;;MONARCH LEARNING ACADEMY;Orlando;FL;;;;;;,,
11776608;;GARDNER SCHOOL;Nashville;TN;;;;;;,,
11789655;;HEARTLAND CHILD CARE CTR;Lafayette;IN;;;;;;,,
11798163;;NOAH'S ARK ACADEMY;Sugar Land;TX;;;;;;,,
11800376;;ABIDING PRESENCE LUTHERAN DC;San Antonio;TX;;;;;;,,
11815436;Other Chains;CHILDREN'S CORNER LRNG CTR;Wappingers Fl;NY;;;;;;,,
11840118;;DICK HOWSER CHILD CARE CTR;Tallahassee;FL;;;;;;,,
11840120;;SCOTTSDALE ACADEMY;Tallahassee;FL;;;;;;,,
11844920;;BUILDING BLOCKS ACADEMY 2;Winter Haven;FL;;;;;;,,
11846708;;VILLAGE VIEW CHRISTIAN ACADEMY;Summerfield;FL;;;;;;,,
11846887;;FIRST STEPS PRE-SCHOOL;Ocala;FL;;;;;;,,
11853725;;HILLTOP NEIGHBORHOOD HOUSE DC;Valparaiso;IN;;;;;;,,
11854858;;NYACK CENTER SACC;Nyack;NY;;;;;;,,
11857290;;WESTERN BRANCH ACADEMY;Chesapeake;VA;;;;;;,,
11861071;;APRENDE CON AMIGOS CCC;Portland;OR;;;;;;,,
11861588;;VISUALLY IMPAIRED PRE-SCH;Louisville;KY;;;;;;,,
11862647;;EDUCATION EXPRESS CCC;La Vista;NE;;;;;;,,
11862685;;EDUCATION EXPRESS CCC;Omaha;NE;;;;;;,,
11868873;;APPLE TREE CHILDRENS CTR;Clive;IA;;;;;;,,
11871088;;ROBERT J WILF PRE-SCHL & KNDG;Wynnewood;PA;;;;;;,,
11872094;;ABC KIDZ KARE DAY CARE;West Chester;PA;;;;;;,,
11873191;;NORTHMINSTER CHRISTIAN PRE-SCH;Tucson;AZ;;;;;;,,
11876686;Family Day Residences;SWEET PEA'S LEARNING CTR;Trenton;GA;;;;;;,,
11877185;;DISCOVERY POINT DC-OAKWOOD;Flowery Br;GA;;;;;;,,
11879078;Independent Center;BRIGHT & EARLY-N BRANFORD CTR;N Branford;CT;;;;;;,,
11884217;;SONSHINE LEARNING CENTER;New Richmond;WI;;;;;;,,
11885041;;LITTLE SCHOOL HOUSE-ALTOONA;Altoona;WI;;;;;;,,
11889035;;PROVIDENCE PREPARATORY PRE-SCH;Charlotte;NC;;;;;;,,
11892549;;CHABAD LUBAVITCH CCC-W SIDE;New York;NY;;;;;;,,
11896337;;BRIGHT BEGINNINGS CC ACADEMY;Cherry Hill;NJ;;;;;;,,
11897123;;ST HELENAS EARLY ENRICHMENT PS;Boerne;TX;;;;;;,,
11897472;;SAN ANTONIO COTTAGE CDC 2;San Antonio;TX;;;;;;,,
11897563;;BLOSSOM HEIGHTS CHILD DEV CTR;Houston;TX;;;;;;,,
11904726;;NEW HOPE CHRISTIAN PRE-SCH CTR;Keller;TX;;;;;;,,
11905122;Montessori;TEMPLE MONTESSORI SCHOOL & CCC;Temple;TX;;;;;;,,
11905809;;GOOD SHEPHERD LUTH PRE-SCH;Elgin;IL;;;;;;,,
11909037;;HOPE 4 KIDS PRE-SCH;Santa Barbara;CA;;;;;;,,
11929697;Other Chains;NEXT GENERATION CHILDREN'S CTR;Hopkinton;MA;;;;;;,,
11935567;College/University Based;PHEBE ANNA THORNE SCHOOL;Bryn Mawr;PA;;;;;;,,
11946023;;COVENANT UMC CHRISTIAN ACADEMY;Greer;SC;;;;;;,,
11947388;Independent Center;FORT COURAGE CHILD CARE;Missoula;MT;;;;;;,,
11948837;Montessori;TRUST MONTESSORI SCHOOL;San Jose;CA;;;;;;,,
11951042;;LITTLE HANDS LRNG CTR ACADEMY;Chicago;IL;;;;;;,,
11951901;;ANKENY CHRISTIAN CHILD CARE;Ankeny;IA;;;;;;,,
11954903;Independent Center;EDUCATIONAL PLAYCARE-WINDSOR;Windsor;CT;;;;;;,,
11955969;Independent Center;CITY OF LIFE CORPORATION;Nashville;TN;;;;;;,,
11956858;;STRAUSS CTR FOR EARLY CHLDHD;Tucson;AZ;;;;;;,,
11957395;;ARTS FOR ALL;Tucson;AZ;;;;;;,,
11957527;;CHAPEL HILLS CHURCH PRE-SCHOOL;Colorado Spgs;CO;;;;;;,,
11957979;;ASPEN CREEK ACADEMY;Littleton;CO;;;;;;,,
11959434;YMCA/YWCA;FALLBROOK YMCA;Lincoln;NE;;;;;;,,
11964922;;OCONEE PRE-SCH ACADEMY II;Watkinsville;GA;;;;;;,,
11965029;;MT PISGAH CHRN SCH;Johns Creek;GA;;;;;;,,
11965110;;LA O'WN ACADEMY;Roswell;GA;;;;;;,,
11965512;;CREEKSIDE CHRISTIAN;Cumming;GA;;;;;;,,
11967168;;DOWNTOWN HAMPTON CDC-MARY PEAK;Hampton;VA;;;;;;,,
11967807;;UNIVERSITY N O W DAY NURSERY;Princeton;NJ;;;;;;,,
11968629;;JEWISH CMTY CTR-METRO WEST;West Orange;NJ;;;;;;,,
11968904;;BOYS & GIRLS CLUB-M & L KATZ;Camden;NJ;;;;;;,,
11970000;;PRIMARY BEGINNINGS CHILD DEV;Raleigh;NC;;;;;;,,
11971597;;THE HAYES SCHOOL OF WONDER;Carrollton;TX;;;;;;,,
11972486;;REDEEMER LUTH CHILD DEV CTR;Austin;TX;;;;;;,,
11973363;;MARLANDWOOD DAYCARE;Temple;TX;;;;;;,,
11980017;;MOTHER OF CHRIST CATH LRNG CTR;Miami;FL;;;;;;,,
11981671;Montessori;SOUTHSHORE MONTESSORI;Apollo Beach;FL;;;;;;,,
11986906;;THE IVY INTERNATIONAL SCHOOL;Austin;TX;;;;;;,,
11989295;;RISE SCHOOL OF CORPUS CHRISTI;Corp Christi;TX;;;;;;,,
11997644;;CHRIST & ST STEPHENS CH PS;New York;NY;;;;;;,,
11999331;;EASTERN NM UNIVERSITY;Portales;NM;;;;;;,,
11999733;;PARK PREP ACADEMY;Jersey City;NJ;;;;;;,,
12004355;;PETER PAN PRE-SCH & CHILDCARE;North Mankato;MN;;;;;;,,
12006250;;LITTLE LAMBS CHRIST CC CRANBRK;Bloomfld TWP;MI;;;;;;,,
12011334;;AUBURN CHILD CARE;Auburn;IL;;;;;;,,
12012780;;ATLANTA CHILDREN'S SHELTER;Atlanta;GA;;;;;;,,
12016011;Independent Center;EXPLORE & DISCOVER-HIGHLAND PK;Denver;CO;;;;;;,,
12019568;YMCA/YWCA;DESERT YMCA/CARTER SCHOOL;Palm Desert;CA;;;;;;,,
12019570;YMCA/YWCA;YMCA/A EARHARDT CCC-DESERT;Indio;CA;;;;;;,,
12047838;Church/Synagogue;PARAMOUNT CHRISTIAN ACADEMY;Lacey;WA;;;;;;,,
12049927;Montessori;FIORE MONTESSORI;Vienna;VA;;;;;;,,
12050263;;BRIDGEPOINT ACADEMY;Pearland;TX;;;;;;,,
12051786;;SOA CHILD LEARNING CENTER;San Antonio;TX;;;;;;,,
12051970;;BAYOU VILLAGE SCHOOL;Houston;TX;;;;;;,,
12052132;;REDEEMER DAY SCHOOL;McKinney;TX;;;;;;,,
12056308;;CUSTER ROAD CHRISTIAN DAY SCH;Plano;TX;;;;;;,,
12065000;;ALL ABOUT KIDS CC & LRN CTR;Cincinnati;OH;;;;;;,,
12065024;;ARMSTRONG CHAPEL PRE-SCHOOL;Cincinnati;OH;;;;;;,,
12067474;;CREATIVE KIDS KENT;Holmes;NY;;;;;;,,
12068076;;THE OLIVE TREEHOUSE GROUP;Brooklyn;NY;;;;;;,,
12069446;;ST PAUL'S CHLD DVLP CTR;Las Cruces;NM;;;;;;,,
12069771;;MANCHESTER CHLD DVLP CTR;Manchester;NH;;;;;;,,
12073215;;EXPLORATION STATION;Burlington;NC;;;;;;,,
12073538;Independent Center;KIDS CLUB;Columbus;MT;;;;;;,,
12076944;;CHARLTON HESTON ACADEMY GSRP;Saint Helen;MI;;;;;;,,
12080608;;TENDER LEARNING CENTRE;Wilmington;MA;;;;;;,,
12083791;;NATURES SCHOLARS CENTER;Ringwood;IL;;;;;;,,
12087527;Montessori;STEPPING STONE MONTESSORI;Alpharetta;GA;;;;;;,,
12089903;;NEW BETHEL ACADEMY;Panama City;FL;;;;;;,,
12093588;;SMALL CHARACTERS;Denver;CO;;;;;;,,
12118815;;FREE SYNAGOGUE;New York;NY;;;;;;,,
12119053;;BRONX HOUSE;Bronx;NY;;;;;;,,
12119211;;COMPASS SCHOOLHOUSE;Westfield;NJ;;;;;;,,
12120789;Montessori;BERGEN-LAFAYETTE MONTESSRI SCH;Jersey City;NJ;;;;;;,,
12122763;;OPEN ARMS ACADEMY;Wilmington;DE;;;;;;,,
12128054;;CORNERSTONE EARLY LEARNING CTR;Hugo;MN;;;;;;,,
12128664;;RAISE UP;Harlan;IN;;;;;;,,
12132469;;MINNIELAND ACADEMY-COL HGHTS;Colonial Hgts;VA;;;;;;,,
12134314;;BREAKTHROUGH BEGINNERS;Chicago;IL;;;;;;,,
12137471;;GERMAN INTERNATIONL SCH-DALLAS;Farmers BRNCH;TX;;;;;;,,
12137483;;GENIUS CHILD ACADEMY;McKinney;TX;;;;;;,,
12143731;;LANGUAGE TREE;Columbia;MO;;;;;;,,
12149838;;SPRINGVIEW ACADEMY;Hialeah;FL;;;;;;,,
12153841;;RIVER SONG WALDORF SCHOOL;Fort Collins;CO;;;;;;,,
12181082;;KIDS COVE PS-NORTH SHORE UMC;Canyon Lake;TX;;;;;;,,
12187969;;KINGDOM KIDS CHRISTIAN PRESCH;Orangevale;CA;;;;;;,,
12189541;;MANHATTAN SCHOOL HOUSE;New York;NY;;;;;;,,
12189864;;A HOUSE ON BEEKMAN;Bronx;NY;;;;;;,,
12190186;;CREATIVE KIDS LC-DEER SPRINGS;N Las Vegas;NV;;;;;;,,
12193944;;LEARNING PATH CHILDCARE;Marble Falls;TX;;;;;;,,
12195007;;DISCOVERING MINDS CDC;Bay City;TX;;;;;;,,
12197457;;TUSSING ELEMENTARY SCHOOL;Pickerington;OH;;;;;;,,
12198906;;MY SECOND HOME EARLY LRNG SCH;Columbus;OH;;;;;;,,
12201096;Independent Center;FUTURE LEADERS LEARNING CENTER;Brandywine;MD;;;;;;,,
12203769;;SUNCREST CHILDCARE ELC;Morgantown;WV;;;;;;,,
12204440;;MUSTARD SEED PRESCHOOL;Franklin;TN;;;;;;,,
12208240;;BUMBLE BEE CLUB LEARNING CTR;Clearwater;FL;;;;;;,,
12210231;Montessori;INDEPENDENCE MONTESSORI ACAD;Broadway;NC;;;;;;,,
12211699;;JEFFERSON BRETHREN PRESCHOOL;Goshen;IN;;;;;;,,
12213312;;SVSU EARLY EDUCATION;Bennington;VT;;;;;;,,
12214847;;HARRISON VILLAGE CHILDCARE;Omaha;NE;;;;;;,,
12217150;;EXPLORATION STATION;House Springs;MO;;;;;;,,
12219081;;GARDENGATE ACADEMY;Natick;MA;;;;;;,,
12219110;;LEARNING WELL;W Bridgewater;MA;;;;;;,,
12220016;;KIDS TIME ACADEMY;Dallas;GA;;;;;;,,
12220523;;SARATOGA FRENCH CULTURAL PS;Saratoga;CA;;;;;;,,
12224012;;EPIC ENDEAVORS PRESCHOOL ACAD;Rochester;MN;;;;;;,,
12241060;;LEARNING EXP-BLOOMINGDALE;Brandon;FL;;;;;;,,
12245195;;BOYS & GIRLS CLUB-NORTHWEST;El Dorado;AR;;;;;;,,
12245470;;BOYS & GIRLS CLUB-ST LUKE'S MN;Cleveland;OH;;;;;;,,
12247181;;BOYS & GIRLS CLUB-EAST;Toledo;OH;;;;;;,,
12248379;;BOYS & GIRLS CLUB-ARLINGTON;Arlington;WA;;;;;;,,
12250011;;BOYS & GIRLS CLUB-WAREHAM;Onset;MA;;;;;;,,
12265808;;LORD'S LAMBS CHILD CARE;Elkhorn;NE;;;;;;,,
12270061;YMCA/YWCA;SOUTHWEST YMCA DAY CAMP;Greenfield;WI;;;;;;,,
12272306;;GOLDEN PATH ACADEMY;Sterling;VA;;;;;;,,
12272617;;INFINITE SUCCESS ACADEMY;South Jordan;UT;;;;;;,,
12275827;;AROUND THE WORLD BILING ACAD;Norman;OK;;;;;;,,
12280195;;LITTLE LIFE ACADEMY;Cornelius;NC;;;;;;,,
12282399;;SPECTRUM STATION BLUE SPRINGS;Blue Springs;MO;;;;;;,,
12282428;;SPECTRUM STATION BARRY ROAD;Kansas City;MO;;;;;;,,
12284866;;CHILDREN OF TOMORROW LC CARVER;Carver;MN;;;;;;,,
12285846;;EDUPLAY DISCOVERY CENTER;Frankenmuth;MI;;;;;;,,
12286876;;WELLESLEY CLG CHILD STUDY CTR;Wellesley;MA;;;;;;,,
12290451;;SMALL WONDERS DAY CARE-II;Plymouth;IN;;;;;;,,
12290463;;FLANNER HOUSE CHILD DEV CTR;Indianapolis;IN;;;;;;,,
12290504;;ABC'S & 123'S LEARNING CENTER;Noblesville;IN;;;;;;,,
12293324;;BEAUTIFUL SAVIOR PRE-SCH;Olathe;KS;;;;;;,,
12293972;;BETHEL NEIGHBORHOOD CENTER;Kansas City;KS;;;;;;,,
12296584;;CHILDTIME-FOLSOM;Folsom;CA;;;;;;,,
12299275;;UNIVERSITY DAY CARE;Auburn;AL;;;;;;,,
12299756;;FAIRVIEW CHURCH OF GOD DC;Falkville;AL;;;;;;,,
12301036;;BEACON LEARNING CENTER;Phoenix;AZ;;;;;;,,
12301476;;THURGOOD MARSHALL CHLD DEV CTR;Washington;DC;;;;;;,,
12301701;Independent Center;EDUCATIONAL PLAYCARE-CHESHIRE;Cheshire;CT;;;;;;,,
12301892;;NORTH HAVEN CHILD DEV CTR;North Haven;CT;;;;;;,,
12302016;;ABC OWLS DAY CARE;Kissimmee;FL;;;;;;,,
12303046;;BABY GATOR CDC-DIAMOND;Gainesville;FL;;;;;;,,
12304832;;HOPE EFFECT DAY SCHOOL DC;Tampa;FL;;;;;;,,
12313924;Church/Synagogue;FIRST CHURCH EARLY ENRICH CTR;Fresno;CA;;;;;;,,
12323321;;CLINTONVILLE CRC KIDS CLUB;Columbus;OH;;;;;;,,
12326593;;DISCOVERY POINT CC #65;Duluth;GA;;;;;;,,
12326866;;TRANSFORMATIONAL EEC;Mc Lean;VA;;;;;;,,
12329741;Montessori;EXCELLED MONTESSORI PLUS;Boerne;TX;;;;;;,,
12330439;;ARMENTA'S EC DEV;Houston;TX;;;;;;,,
12331110;;KENNEDY CHILDRENS CTR BRONX;Bronx;NY;;;;;;,,
12335207;;CORNERSTONE CHRN EARLY EDU 2;Vancouver;WA;;;;;;,,
12338833;;LEARNING EXP-BRIDGEWATER;Bound Brook;NJ;;;;;;,,
12339057;;HUDSON SPROUTS CCC;Jersey City;NJ;;;;;;,,
12340068;;ACADEMY HOUSE CCC IV;Jersey City;NJ;;;;;;,,
12341828;;GARDNER SCH-MINNETONKA;Minnetonka;MN;;;;;;,,
12342755;;SECOND HOME CHILD DEV CTR;Warren;MI;;;;;;,,
12343503;;GDN CITY CHILD DEV CTR;Garden City;MI;;;;;;,,
12344600;;WELLINGTON STUDENT CARE CCC;Belmont;MA;;;;;;,,
12350958;;MEANINGFUL BEGINNINGS CCC;San Francisco;CA;;;;;;,,
12353118;;KIDS KARE CCC-RIVER PARK;Fresno;CA;;;;;;,,
12353120;;KIDS KARE CCC-CENTRAL WEST;Fresno;CA;;;;;;,,
12355659;;TOTSPOT PRESCHOOL TOO;Chandler;AZ;;;;;;,,
12355685;;LEARNING EXP-PALM VALLEY;Deerfield Bch;FL;;;;;;,,
12359370;;SANCTUARY ON 8TH STREET CCC;Jacksonville;FL;;;;;;,,
12360757;;ABOVE AND BEYOND CHRN CCC;Hanover;PA;;;;;;,,
12369739;;EDUCATIONAL PLAYCARE-SIMSBURY;Simsbury;CT;;;;;;,,
12369753;Independent Center;EDUCATIONAL PLAYCARE-WINSOR W;Windsor;CT;;;;;;,,
12369789;Independent Center;EDUCATIONAL PLAYCARE-GLASTONBU;Glastonbury;CT;;;;;;,,
12370130;;LEAH'S CREATIVE LEARNING CTR;Cleveland;OH;;;;;;,,
12382896;;LEARNING EXP-WETHERSFIELD;Wethersfield;CT;;;;;;,,
12461844;;LEARNING EXP-WESLEY CHAPEL;Wesley Chapel;FL;;;;;;,,
12742210;;KLAMATH EC DEV CENTER KECDC;Klamath Falls;OR;;;;;;,,
12850398;;HOPE PRESCHOOL;Ashburn;VA;;;;;;,,